DataFile.Basename,SD,choise,justice1.RESP,justice1.RT,T1.RT,T1.RESP
T-1-1,SD1.jpg,T5.png,,,,
T-1-1,SD1.jpg,T3.png,,,,
T-1-1,SD2.jpg,T5.png,,,,
T-1-1,SD2.jpg,T4.png,,,,
T-1-1,SD3.jpg,T1.png,,,,
T-1-1,SD3.jpg,T2.png,,,,
T-1-1,SD1.jpg,T5.png,j,1185,1657,j
T-1-1,SD1.jpg,T3.png,f,1029,1273,f
T-1-1,SD1.jpg,T1.png,j,833,1405,j
T-1-1,SD1.jpg,T4.png,j,951,1955,j
T-1-1,SD1.jpg,T2.png,j,692,1238,j
T-1-1,SD1.jpg,T3.png,f,1321,894,f
T-1-1,SD1.jpg,T5.png,j,1441,1330,j
T-1-1,SD1.jpg,T1.png,j,705,1436,j
T-1-1,SD1.jpg,T2.png,j,499,1174,j
T-1-1,SD1.jpg,T4.png,j,632,565,j
T-1-1,SD1.jpg,T3.png,f,684,752,f
T-1-1,SD1.jpg,T2.png,j,546,1066,j
T-1-1,SD1.jpg,T1.png,j,1114,872,j
T-1-1,SD1.jpg,T5.png,j,632,920,j
T-1-1,SD1.jpg,T4.png,j,520,1108,j
T-1-1,SD1.jpg,T2.png,j,263,793,j
T-1-1,SD1.jpg,T5.png,j,204,579,j
T-1-1,SD1.jpg,T1.png,j,767,515,j
T-1-1,SD1.jpg,T3.png,f,236,865,f
T-1-1,SD1.jpg,T4.png,j,173,633,j
T-1-1,SD2.jpg,T3.png,f,709,1234,f
T-1-1,SD2.jpg,T2.png,j,426,1377,j
T-1-1,SD2.jpg,T5.png,j,474,1269,j
T-1-1,SD2.jpg,T1.png,j,471,703,j
T-1-1,SD2.jpg,T4.png,j,31,481,j
T-1-1,SD2.jpg,T2.png,j,204,589,j
T-1-1,SD2.jpg,T5.png,j,217,555,j
T-1-1,SD2.jpg,T3.png,f,246,459,j
T-1-1,SD2.jpg,T4.png,j,368,671,j
T-1-1,SD2.jpg,T1.png,j,522,580,j
T-1-1,SD2.jpg,T5.png,j,216,628,j
T-1-1,SD2.jpg,T3.png,f,445,334,f
T-1-1,SD2.jpg,T2.png,j,421,520,j
T-1-1,SD2.jpg,T4.png,f,459,591,j
T-1-1,SD2.jpg,T1.png,j,354,637,j
T-1-1,SD2.jpg,T4.png,j,268,505,j
T-1-1,SD2.jpg,T3.png,f,264,532,f
T-1-1,SD2.jpg,T1.png,j,502,448,j
T-1-1,SD2.jpg,T5.png,j,276,625,j
T-1-1,SD2.jpg,T2.png,j,464,660,j
T-1-1,SD3.jpg,T3.png,f,716,1636,f
T-1-1,SD3.jpg,T4.png,j,249,475,j
T-1-1,SD3.jpg,T2.png,j,260,515,j
T-1-1,SD3.jpg,T5.png,j,229,535,j
T-1-1,SD3.jpg,T1.png,j,528,448,j
T-1-1,SD3.jpg,T4.png,j,50,546,j
T-1-1,SD3.jpg,T2.png,j,265,424,j
T-1-1,SD3.jpg,T5.png,j,269,431,j
T-1-1,SD3.jpg,T1.png,j,217,562,j
T-1-1,SD3.jpg,T3.png,f,213,683,f
T-1-1,SD3.jpg,T4.png,j,542,581,j
T-1-1,SD3.jpg,T1.png,j,353,920,j
T-1-1,SD3.jpg,T3.png,f,250,569,f
T-1-1,SD3.jpg,T5.png,j,348,509,j
T-1-1,SD3.jpg,T2.png,j,290,576,j
T-1-1,SD3.jpg,T3.png,f,185,507,f
T-1-1,SD3.jpg,T5.png,j,227,413,j
T-1-1,SD3.jpg,T4.png,j,268,535,j
T-1-1,SD3.jpg,T1.png,j,182,596,j
T-1-1,SD3.jpg,T2.png,j,544,444,j
T-10-1,SD1.jpg,T1.png,,,,
T-10-1,SD1.jpg,T2.png,,,,
T-10-1,SD2.jpg,T4.png,,,,
T-10-1,SD2.jpg,T2.png,,,,
T-10-1,SD3.jpg,T3.png,,,,
T-10-1,SD3.jpg,T2.png,,,,
T-10-1,SD1.jpg,T5.png,,,,
T-10-1,SD1.jpg,T1.png,,,,
T-10-1,SD2.jpg,T4.png,,,,
T-10-1,SD2.jpg,T1.png,,,,
T-10-1,SD3.jpg,T2.png,,,,
T-10-1,SD3.jpg,T4.png,,,,
T-10-1,SD1.jpg,T4.png,j,397,3492,f
T-10-1,SD1.jpg,T1.png,j,678,3312,f
T-10-1,SD1.jpg,T3.png,f,326,1271,f
T-10-1,SD1.jpg,T2.png,j,469,3510,f
T-10-1,SD1.jpg,T5.png,j,340,2319,f
T-10-1,SD1.jpg,T2.png,j,1483,0,
T-10-1,SD1.jpg,T4.png,j,1239,1846,f
T-10-1,SD1.jpg,T5.png,j,594,2008,f
T-10-1,SD1.jpg,T1.png,j,635,1652,j
T-10-1,SD1.jpg,T3.png,f,322,1254,f
T-10-1,SD1.jpg,T5.png,j,552,1711,f
T-10-1,SD1.jpg,T3.png,f,359,867,f
T-10-1,SD1.jpg,T2.png,f,369,3129,f
T-10-1,SD1.jpg,T4.png,j,855,1421,f
T-10-1,SD1.jpg,T1.png,j,315,3041,f
T-10-1,SD1.jpg,T4.png,j,626,909,f
T-10-1,SD1.jpg,T2.png,j,653,1484,f
T-10-1,SD1.jpg,T5.png,j,530,1033,f
T-10-1,SD1.jpg,T1.png,j,462,1248,f
T-10-1,SD1.jpg,T3.png,f,266,1021,f
T-10-1,SD2.jpg,T2.png,j,324,3194,f
T-10-1,SD2.jpg,T5.png,j,304,2150,f
T-10-1,SD2.jpg,T4.png,j,773,2574,f
T-10-1,SD2.jpg,T3.png,f,909,865,f
T-10-1,SD2.jpg,T1.png,j,427,2340,f
T-10-1,SD2.jpg,T4.png,j,550,2179,f
T-10-1,SD2.jpg,T2.png,j,896,1023,f
T-10-1,SD2.jpg,T5.png,j,817,2263,f
T-10-1,SD2.jpg,T3.png,f,342,872,f
T-10-1,SD2.jpg,T1.png,j,642,1384,f
T-10-1,SD2.jpg,T4.png,j,366,1510,f
T-10-1,SD2.jpg,T2.png,j,305,2139,f
T-10-1,SD2.jpg,T1.png,j,423,1698,f
T-10-1,SD2.jpg,T3.png,f,313,1113,f
T-10-1,SD2.jpg,T5.png,j,420,2501,f
T-10-1,SD2.jpg,T4.png,j,304,1410,f
T-10-1,SD2.jpg,T1.png,j,681,1498,f
T-10-1,SD2.jpg,T2.png,j,575,1117,f
T-10-1,SD2.jpg,T5.png,j,735,1125,f
T-10-1,SD2.jpg,T3.png,f,800,730,f
T-10-1,SD3.jpg,T2.png,j,717,2634,j
T-10-1,SD3.jpg,T3.png,f,321,850,f
T-10-1,SD3.jpg,T4.png,j,578,986,j
T-10-1,SD3.jpg,T5.png,j,551,1068,j
T-10-1,SD3.jpg,T1.png,j,351,1175,j
T-10-1,SD3.jpg,T4.png,j,339,1411,j
T-10-1,SD3.jpg,T3.png,f,1030,913,f
T-10-1,SD3.jpg,T1.png,j,503,1114,j
T-10-1,SD3.jpg,T5.png,j,254,674,j
T-10-1,SD3.jpg,T2.png,j,321,642,j
T-10-1,SD3.jpg,T5.png,j,537,579,j
T-10-1,SD3.jpg,T1.png,j,300,550,j
T-10-1,SD3.jpg,T2.png,j,355,916,j
T-10-1,SD3.jpg,T3.png,f,473,815,f
T-10-1,SD3.jpg,T4.png,j,436,1140,j
T-10-1,SD3.jpg,T5.png,j,302,511,j
T-10-1,SD3.jpg,T4.png,j,365,1339,j
T-10-1,SD3.jpg,T3.png,f,526,817,f
T-10-1,SD3.jpg,T2.png,j,287,908,j
T-10-1,SD3.jpg,T1.png,j,304,724,j
T-10-2,SD1.jpg,T5.png,,,,
T-10-2,SD1.jpg,T1.png,,,,
T-10-2,SD2.jpg,T5.png,,,,
T-10-2,SD2.jpg,T3.png,,,,
T-10-2,SD3.jpg,T1.png,,,,
T-10-2,SD3.jpg,T3.png,,,,
T-10-2,SD1.jpg,T1.png,j,471,1403,f
T-10-2,SD1.jpg,T4.png,j,549,1065,f
T-10-2,SD1.jpg,T2.png,j,491,1365,f
T-10-2,SD1.jpg,T5.png,j,508,1332,f
T-10-2,SD1.jpg,T3.png,f,331,742,f
T-10-2,SD1.jpg,T4.png,j,418,1115,f
T-10-2,SD1.jpg,T3.png,f,480,715,f
T-10-2,SD1.jpg,T2.png,j,579,832,f
T-10-2,SD1.jpg,T1.png,j,405,497,f
T-10-2,SD1.jpg,T5.png,j,496,550,f
T-10-2,SD1.jpg,T4.png,j,392,531,f
T-10-2,SD1.jpg,T3.png,f,728,655,f
T-10-2,SD1.jpg,T1.png,j,409,611,f
T-10-2,SD1.jpg,T5.png,j,261,448,f
T-10-2,SD1.jpg,T2.png,j,482,570,f
T-10-2,SD1.jpg,T3.png,f,402,611,f
T-10-2,SD1.jpg,T5.png,j,422,479,f
T-10-2,SD1.jpg,T1.png,j,329,500,f
T-10-2,SD1.jpg,T2.png,j,378,568,f
T-10-2,SD1.jpg,T4.png,j,308,500,f
T-10-2,SD2.jpg,T5.png,j,425,1768,j
T-10-2,SD2.jpg,T4.png,j,732,594,f
T-10-2,SD2.jpg,T1.png,j,569,1216,j
T-10-2,SD2.jpg,T2.png,j,677,1233,f
T-10-2,SD2.jpg,T3.png,f,362,783,f
T-10-2,SD2.jpg,T4.png,j,320,1312,f
T-10-2,SD2.jpg,T3.png,f,1045,604,f
T-10-2,SD2.jpg,T1.png,j,481,1028,j
T-10-2,SD2.jpg,T5.png,j,500,1571,j
T-10-2,SD2.jpg,T2.png,j,438,854,f
T-10-2,SD2.jpg,T3.png,f,597,605,f
T-10-2,SD2.jpg,T2.png,j,506,1337,f
T-10-2,SD2.jpg,T1.png,j,386,1465,j
T-10-2,SD2.jpg,T5.png,j,418,1587,f
T-10-2,SD2.jpg,T4.png,j,708,833,f
T-10-2,SD2.jpg,T1.png,j,448,1572,j
T-10-2,SD2.jpg,T4.png,j,294,757,f
T-10-2,SD2.jpg,T2.png,j,334,526,f
T-10-2,SD2.jpg,T5.png,j,489,1438,f
T-10-2,SD2.jpg,T3.png,f,319,709,f
T-10-2,SD3.jpg,T2.png,j,549,1314,f
T-10-2,SD3.jpg,T5.png,j,764,1001,j
T-10-2,SD3.jpg,T4.png,j,577,1451,j
T-10-2,SD3.jpg,T1.png,j,374,812,j
T-10-2,SD3.jpg,T3.png,f,1226,831,f
T-10-2,SD3.jpg,T5.png,j,346,1653,j
T-10-2,SD3.jpg,T2.png,j,510,1728,j
T-10-2,SD3.jpg,T3.png,f,684,697,f
T-10-2,SD3.jpg,T1.png,j,515,1199,j
T-10-2,SD3.jpg,T4.png,j,454,1372,f
T-10-2,SD3.jpg,T3.png,f,507,639,f
T-10-2,SD3.jpg,T1.png,j,449,1377,j
T-10-2,SD3.jpg,T5.png,j,427,1236,j
T-10-2,SD3.jpg,T2.png,j,468,1315,j
T-10-2,SD3.jpg,T4.png,j,490,906,f
T-10-2,SD3.jpg,T2.png,j,649,1919,f
T-10-2,SD3.jpg,T4.png,j,455,930,f
T-10-2,SD3.jpg,T1.png,j,418,824,j
T-10-2,SD3.jpg,T5.png,j,334,1162,j
T-10-2,SD3.jpg,T3.png,f,327,685,f
T-11-1,SD1.jpg,T4.png,,,,
T-11-1,SD1.jpg,T1.png,,,,
T-11-1,SD2.jpg,T5.png,,,,
T-11-1,SD2.jpg,T1.png,,,,
T-11-1,SD3.jpg,T4.png,,,,
T-11-1,SD3.jpg,T5.png,,,,
T-11-1,SD1.jpg,T1.png,j,834,2032,j
T-11-1,SD1.jpg,T2.png,f,994,2384,f
T-11-1,SD1.jpg,T5.png,f,812,2961,f
T-11-1,SD1.jpg,T3.png,f,594,1129,f
T-11-1,SD1.jpg,T4.png,f,282,1134,f
T-11-1,SD1.jpg,T2.png,f,312,772,f
T-11-1,SD1.jpg,T3.png,f,522,638,f
T-11-1,SD1.jpg,T4.png,f,337,1276,f
T-11-1,SD1.jpg,T5.png,f,386,1464,f
T-11-1,SD1.jpg,T1.png,f,302,1817,f
T-11-1,SD1.jpg,T4.png,f,382,716,f
T-11-1,SD1.jpg,T1.png,f,430,700,f
T-11-1,SD1.jpg,T3.png,f,454,737,f
T-11-1,SD1.jpg,T5.png,f,332,866,f
T-11-1,SD1.jpg,T2.png,f,615,979,f
T-11-1,SD1.jpg,T1.png,f,431,2077,f
T-11-1,SD1.jpg,T3.png,f,746,1722,f
T-11-1,SD1.jpg,T2.png,j,390,1280,f
T-11-1,SD1.jpg,T5.png,j,783,1569,j
T-11-1,SD1.jpg,T4.png,j,680,0,
T-11-1,SD2.jpg,T3.png,j,304,945,f
T-11-1,SD2.jpg,T5.png,j,261,3822,j
T-11-1,SD2.jpg,T2.png,j,456,1102,j
T-11-1,SD2.jpg,T1.png,j,255,726,j
T-11-1,SD2.jpg,T4.png,j,266,723,j
T-11-1,SD2.jpg,T1.png,j,505,534,j
T-11-1,SD2.jpg,T5.png,j,528,585,j
T-11-1,SD2.jpg,T3.png,f,754,1081,f
T-11-1,SD2.jpg,T2.png,j,814,808,j
T-11-1,SD2.jpg,T4.png,j,278,619,j
T-11-1,SD2.jpg,T2.png,j,255,593,j
T-11-1,SD2.jpg,T5.png,j,312,615,j
T-11-1,SD2.jpg,T1.png,j,928,541,j
T-11-1,SD2.jpg,T4.png,j,327,2082,j
T-11-1,SD2.jpg,T3.png,f,853,906,f
T-11-1,SD2.jpg,T2.png,j,323,2672,j
T-11-1,SD2.jpg,T1.png,j,523,684,j
T-11-1,SD2.jpg,T3.png,f,627,2206,f
T-11-1,SD2.jpg,T5.png,j,414,1171,j
T-11-1,SD2.jpg,T4.png,j,805,1079,j
T-11-1,SD3.jpg,T5.png,j,652,1239,j
T-11-1,SD3.jpg,T3.png,f,520,831,f
T-11-1,SD3.jpg,T1.png,j,397,371,j
T-11-1,SD3.jpg,T2.png,j,273,786,j
T-11-1,SD3.jpg,T4.png,j,494,900,j
T-11-1,SD3.jpg,T1.png,j,571,457,j
T-11-1,SD3.jpg,T4.png,j,428,471,j
T-11-1,SD3.jpg,T3.png,f,464,414,f
T-11-1,SD3.jpg,T2.png,j,428,471,j
T-11-1,SD3.jpg,T5.png,j,265,515,j
T-11-1,SD3.jpg,T2.png,j,495,398,j
T-11-1,SD3.jpg,T5.png,j,297,478,j
T-11-1,SD3.jpg,T3.png,f,328,496,f
T-11-1,SD3.jpg,T4.png,j,341,468,j
T-11-1,SD3.jpg,T1.png,j,233,413,j
T-11-1,SD3.jpg,T4.png,j,268,460,j
T-11-1,SD3.jpg,T2.png,j,283,492,j
T-11-1,SD3.jpg,T5.png,j,310,523,j
T-11-1,SD3.jpg,T1.png,j,261,501,j
T-11-1,SD3.jpg,T3.png,f,324,528,f
T-11-2,SD1.jpg,T1.png,,,,
T-11-2,SD1.jpg,T3.png,,,,
T-11-2,SD2.jpg,T1.png,,,,
T-11-2,SD2.jpg,T4.png,,,,
T-11-2,SD3.jpg,T3.png,,,,
T-11-2,SD3.jpg,T2.png,,,,
T-11-2,SD1.jpg,T2.png,j,687,897,j
T-11-2,SD1.jpg,T3.png,f,405,505,f
T-11-2,SD1.jpg,T1.png,j,293,659,j
T-11-2,SD1.jpg,T4.png,j,679,362,j
T-11-2,SD1.jpg,T5.png,j,346,705,j
T-11-2,SD1.jpg,T1.png,j,599,546,j
T-11-2,SD1.jpg,T3.png,f,357,501,f
T-11-2,SD1.jpg,T2.png,j,677,682,j
T-11-2,SD1.jpg,T4.png,j,583,448,j
T-11-2,SD1.jpg,T5.png,j,475,964,j
T-11-2,SD1.jpg,T3.png,f,559,808,f
T-11-2,SD1.jpg,T5.png,j,253,900,j
T-11-2,SD1.jpg,T1.png,j,385,882,j
T-11-2,SD1.jpg,T4.png,j,464,605,j
T-11-2,SD1.jpg,T2.png,j,373,571,j
T-11-2,SD1.jpg,T3.png,f,552,601,f
T-11-2,SD1.jpg,T2.png,j,422,523,j
T-11-2,SD1.jpg,T5.png,j,339,444,j
T-11-2,SD1.jpg,T1.png,j,468,503,j
T-11-2,SD1.jpg,T4.png,j,290,629,j
T-11-2,SD2.jpg,T3.png,f,279,637,f
T-11-2,SD2.jpg,T4.png,j,248,306,j
T-11-2,SD2.jpg,T1.png,j,223,269,j
T-11-2,SD2.jpg,T5.png,j,431,361,j
T-11-2,SD2.jpg,T2.png,j,320,396,j
T-11-2,SD2.jpg,T3.png,f,254,696,f
T-11-2,SD2.jpg,T4.png,j,397,315,j
T-11-2,SD2.jpg,T2.png,j,579,530,j
T-11-2,SD2.jpg,T5.png,j,379,492,j
T-11-2,SD2.jpg,T1.png,j,440,599,j
T-11-2,SD2.jpg,T5.png,j,364,447,j
T-11-2,SD2.jpg,T3.png,f,408,900,f
T-11-2,SD2.jpg,T2.png,j,406,406,j
T-11-2,SD2.jpg,T1.png,j,556,433,j
T-11-2,SD2.jpg,T4.png,j,480,467,j
T-11-2,SD2.jpg,T5.png,j,333,479,j
T-11-2,SD2.jpg,T3.png,f,377,1180,f
T-11-2,SD2.jpg,T2.png,j,293,705,j
T-11-2,SD2.jpg,T4.png,j,261,452,j
T-11-2,SD2.jpg,T1.png,j,468,414,j
T-11-2,SD3.jpg,T3.png,f,338,1131,f
T-11-2,SD3.jpg,T4.png,j,256,414,j
T-11-2,SD3.jpg,T1.png,j,248,538,j
T-11-2,SD3.jpg,T2.png,j,185,370,j
T-11-2,SD3.jpg,T5.png,j,421,518,j
T-11-2,SD3.jpg,T4.png,j,314,470,j
T-11-2,SD3.jpg,T1.png,j,263,438,j
T-11-2,SD3.jpg,T5.png,j,488,347,j
T-11-2,SD3.jpg,T2.png,j,252,432,j
T-11-2,SD3.jpg,T3.png,f,337,863,f
T-11-2,SD3.jpg,T1.png,j,328,441,j
T-11-2,SD3.jpg,T5.png,j,332,464,j
T-11-2,SD3.jpg,T3.png,f,230,1192,f
T-11-2,SD3.jpg,T2.png,j,333,548,j
T-11-2,SD3.jpg,T4.png,j,227,468,j
T-11-2,SD3.jpg,T2.png,j,276,481,j
T-11-2,SD3.jpg,T4.png,j,117,521,j
T-11-2,SD3.jpg,T1.png,j,237,419,j
T-11-2,SD3.jpg,T5.png,j,63,496,j
T-11-2,SD3.jpg,T3.png,f,224,768,f
T-12-1,SD1.jpg,T3.png,,,,
T-12-1,SD1.jpg,T1.png,,,,
T-12-1,SD2.jpg,T4.png,,,,
T-12-1,SD2.jpg,T1.png,,,,
T-12-1,SD3.jpg,T3.png,,,,
T-12-1,SD3.jpg,T2.png,,,,
T-12-1,SD1.jpg,T1.png,j,1156,1398,f
T-12-1,SD1.jpg,T4.png,f,1099,1736,f
T-12-1,SD1.jpg,T3.png,j,943,1150,f
T-12-1,SD1.jpg,T5.png,f,1311,2303,f
T-12-1,SD1.jpg,T2.png,f,1653,1999,f
T-12-1,SD1.jpg,T5.png,f,1044,1765,f
T-12-1,SD1.jpg,T1.png,f,730,1258,f
T-12-1,SD1.jpg,T4.png,f,858,2191,f
T-12-1,SD1.jpg,T2.png,f,1300,1816,f
T-12-1,SD1.jpg,T3.png,f,781,941,f
T-12-1,SD1.jpg,T1.png,f,357,1095,f
T-12-1,SD1.jpg,T3.png,f,471,1185,f
T-12-1,SD1.jpg,T4.png,f,425,879,f
T-12-1,SD1.jpg,T5.png,f,624,1546,f
T-12-1,SD1.jpg,T2.png,f,550,1614,f
T-12-1,SD1.jpg,T1.png,f,724,1522,f
T-12-1,SD1.jpg,T5.png,f,853,3719,f
T-12-1,SD1.jpg,T4.png,f,622,692,f
T-12-1,SD1.jpg,T2.png,f,776,808,f
T-12-1,SD1.jpg,T3.png,f,811,985,f
T-12-1,SD2.jpg,T2.png,j,1155,3013,j
T-12-1,SD2.jpg,T1.png,f,3123,3082,j
T-12-1,SD2.jpg,T3.png,f,1703,1186,f
T-12-1,SD2.jpg,T5.png,j,379,1789,j
T-12-1,SD2.jpg,T4.png,j,384,3155,j
T-12-1,SD2.jpg,T3.png,f,501,958,f
T-12-1,SD2.jpg,T2.png,j,549,1408,j
T-12-1,SD2.jpg,T1.png,j,1171,1179,j
T-12-1,SD2.jpg,T5.png,j,1192,3495,j
T-12-1,SD2.jpg,T4.png,j,701,1558,j
T-12-1,SD2.jpg,T3.png,f,467,913,f
T-12-1,SD2.jpg,T5.png,j,1061,1301,j
T-12-1,SD2.jpg,T4.png,j,290,1756,j
T-12-1,SD2.jpg,T2.png,j,689,1031,j
T-12-1,SD2.jpg,T1.png,j,333,1040,j
T-12-1,SD2.jpg,T5.png,j,425,1012,j
T-12-1,SD2.jpg,T3.png,f,483,711,f
T-12-1,SD2.jpg,T1.png,j,698,1347,j
T-12-1,SD2.jpg,T4.png,j,584,1588,j
T-12-1,SD2.jpg,T2.png,j,379,968,j
T-12-1,SD3.jpg,T4.png,j,635,1277,j
T-12-1,SD3.jpg,T3.png,f,650,938,f
T-12-1,SD3.jpg,T5.png,j,548,1406,j
T-12-1,SD3.jpg,T1.png,j,320,2224,j
T-12-1,SD3.jpg,T2.png,j,304,1596,j
T-12-1,SD3.jpg,T5.png,j,505,1296,j
T-12-1,SD3.jpg,T3.png,f,337,744,f
T-12-1,SD3.jpg,T2.png,j,308,1163,j
T-12-1,SD3.jpg,T1.png,j,249,767,j
T-12-1,SD3.jpg,T4.png,j,411,807,j
T-12-1,SD3.jpg,T3.png,f,494,452,f
T-12-1,SD3.jpg,T4.png,j,344,509,j
T-12-1,SD3.jpg,T5.png,j,248,895,j
T-12-1,SD3.jpg,T1.png,j,369,1042,j
T-12-1,SD3.jpg,T2.png,j,584,819,j
T-12-1,SD3.jpg,T5.png,j,296,1330,j
T-12-1,SD3.jpg,T1.png,j,1390,797,j
T-12-1,SD3.jpg,T4.png,j,568,596,j
T-12-1,SD3.jpg,T3.png,f,472,652,f
T-12-1,SD3.jpg,T2.png,j,607,561,j
T-13-1,SD1.jpg,T5.png,,,,
T-13-1,SD1.jpg,T2.png,,,,
T-13-1,SD2.jpg,T1.png,,,,
T-13-1,SD2.jpg,T2.png,,,,
T-13-1,SD3.jpg,T5.png,,,,
T-13-1,SD3.jpg,T1.png,,,,
T-13-1,SD1.jpg,T3.png,f,1583,1892,f
T-13-1,SD1.jpg,T4.png,f,1139,1795,f
T-13-1,SD1.jpg,T1.png,f,1123,2367,f
T-13-1,SD1.jpg,T2.png,f,1376,2921,f
T-13-1,SD1.jpg,T5.png,f,3988,1571,f
T-13-1,SD1.jpg,T1.png,f,2113,4386,f
T-13-1,SD1.jpg,T5.png,f,1193,3829,f
T-13-1,SD1.jpg,T4.png,f,1169,3118,f
T-13-1,SD1.jpg,T3.png,f,1148,2436,f
T-13-1,SD1.jpg,T2.png,f,1295,1786,f
T-13-1,SD1.jpg,T3.png,f,2531,2540,f
T-13-1,SD1.jpg,T5.png,j,1462,1998,j
T-13-1,SD1.jpg,T1.png,j,1140,2564,j
T-13-1,SD1.jpg,T4.png,j,1247,2567,j
T-13-1,SD1.jpg,T2.png,f,2303,3269,f
T-13-1,SD1.jpg,T4.png,f,2011,4600,f
T-13-1,SD1.jpg,T2.png,j,827,0,
T-13-1,SD1.jpg,T3.png,f,1121,1481,f
T-13-1,SD1.jpg,T5.png,j,519,2984,j
T-13-1,SD1.jpg,T1.png,j,324,1455,j
T-13-1,SD2.jpg,T2.png,f,719,3337,f
T-13-1,SD2.jpg,T5.png,j,914,1440,f
T-13-1,SD2.jpg,T4.png,j,1364,2518,j
T-13-1,SD2.jpg,T3.png,f,1124,1333,f
T-13-1,SD2.jpg,T1.png,j,317,4060,j
T-13-1,SD2.jpg,T4.png,j,498,4293,j
T-13-1,SD2.jpg,T1.png,j,1920,2577,j
T-13-1,SD2.jpg,T5.png,j,572,2902,j
T-13-1,SD2.jpg,T3.png,f,357,1284,f
T-13-1,SD2.jpg,T2.png,j,456,3620,j
T-13-1,SD2.jpg,T1.png,j,1750,0,
T-13-1,SD2.jpg,T4.png,f,604,3346,f
T-13-1,SD2.jpg,T3.png,f,1868,790,f
T-13-1,SD2.jpg,T2.png,f,543,3836,f
T-13-1,SD2.jpg,T5.png,j,985,3463,j
T-13-1,SD2.jpg,T4.png,j,874,2863,j
T-13-1,SD2.jpg,T2.png,j,383,1762,j
T-13-1,SD2.jpg,T3.png,f,1030,1202,f
T-13-1,SD2.jpg,T5.png,f,788,3108,f
T-13-1,SD2.jpg,T1.png,f,696,4009,f
T-13-1,SD3.jpg,T3.png,f,1667,2265,f
T-13-1,SD3.jpg,T5.png,j,1526,2218,j
T-13-1,SD3.jpg,T4.png,j,2707,0,
T-13-1,SD3.jpg,T2.png,j,279,2127,j
T-13-1,SD3.jpg,T1.png,j,655,2868,j
T-13-1,SD3.jpg,T4.png,j,593,1930,j
T-13-1,SD3.jpg,T5.png,j,323,3105,j
T-13-1,SD3.jpg,T1.png,f,729,2113,f
T-13-1,SD3.jpg,T3.png,f,802,1264,f
T-13-1,SD3.jpg,T2.png,f,885,2025,f
T-13-1,SD3.jpg,T1.png,j,846,3415,j
T-13-1,SD3.jpg,T3.png,f,1818,1295,f
T-13-1,SD3.jpg,T4.png,f,1118,2429,f
T-13-1,SD3.jpg,T5.png,f,1117,1692,f
T-13-1,SD3.jpg,T2.png,j,872,0,
T-13-1,SD3.jpg,T3.png,f,377,1415,f
T-13-1,SD3.jpg,T5.png,f,751,1562,f
T-13-1,SD3.jpg,T4.png,j,1336,1679,j
T-13-1,SD3.jpg,T2.png,j,505,2434,j
T-13-1,SD3.jpg,T1.png,j,1910,2181,j
T-14-1,SD1.jpg,T3.png,,,,
T-14-1,SD1.jpg,T4.png,,,,
T-14-1,SD2.jpg,T5.png,,,,
T-14-1,SD2.jpg,T4.png,,,,
T-14-1,SD3.jpg,T5.png,,,,
T-14-1,SD3.jpg,T3.png,,,,
T-14-1,SD1.jpg,T5.png,f,1394,2618,f
T-14-1,SD1.jpg,T3.png,f,1082,1600,f
T-14-1,SD1.jpg,T4.png,f,497,1539,f
T-14-1,SD1.jpg,T2.png,,0,2879,f
T-14-1,SD1.jpg,T1.png,j,1382,2285,j
T-14-1,SD1.jpg,T2.png,j,985,2568,j
T-14-1,SD1.jpg,T5.png,f,787,2653,f
T-14-1,SD1.jpg,T4.png,f,306,2015,f
T-14-1,SD1.jpg,T3.png,f,506,1005,f
T-14-1,SD1.jpg,T1.png,j,532,1827,j
T-14-1,SD1.jpg,T5.png,f,915,2359,f
T-14-1,SD1.jpg,T4.png,f,554,1235,f
T-14-1,SD1.jpg,T1.png,j,435,1606,j
T-14-1,SD1.jpg,T3.png,f,444,1171,f
T-14-1,SD1.jpg,T2.png,j,624,1494,j
T-14-1,SD1.jpg,T1.png,j,331,1627,j
T-14-1,SD1.jpg,T2.png,j,582,2058,j
T-14-1,SD1.jpg,T4.png,f,401,2162,f
T-14-1,SD1.jpg,T3.png,f,411,999,f
T-14-1,SD1.jpg,T5.png,f,217,1230,f
T-14-1,SD2.jpg,T3.png,f,287,1355,f
T-14-1,SD2.jpg,T1.png,j,849,2597,j
T-14-1,SD2.jpg,T2.png,f,1817,1754,f
T-14-1,SD2.jpg,T5.png,j,834,2778,j
T-14-1,SD2.jpg,T4.png,f,299,2320,f
T-14-1,SD2.jpg,T2.png,f,636,1797,f
T-14-1,SD2.jpg,T3.png,f,298,1498,f
T-14-1,SD2.jpg,T1.png,j,318,2515,j
T-14-1,SD2.jpg,T4.png,f,1178,1248,f
T-14-1,SD2.jpg,T5.png,j,317,1515,j
T-14-1,SD2.jpg,T2.png,f,237,1419,f
T-14-1,SD2.jpg,T1.png,j,371,1060,j
T-14-1,SD2.jpg,T4.png,f,1196,1292,f
T-14-1,SD2.jpg,T3.png,f,283,782,f
T-14-1,SD2.jpg,T5.png,j,953,2337,j
T-14-1,SD2.jpg,T3.png,f,299,899,f
T-14-1,SD2.jpg,T1.png,j,649,1158,j
T-14-1,SD2.jpg,T2.png,f,782,1201,f
T-14-1,SD2.jpg,T4.png,f,981,1959,f
T-14-1,SD2.jpg,T5.png,j,276,3622,j
T-14-1,SD3.jpg,T2.png,f,1692,1565,f
T-14-1,SD3.jpg,T4.png,j,780,2417,j
T-14-1,SD3.jpg,T3.png,f,427,1028,f
T-14-1,SD3.jpg,T1.png,f,658,2521,f
T-14-1,SD3.jpg,T5.png,j,2446,3091,j
T-14-1,SD3.jpg,T4.png,j,2245,3735,j
T-14-1,SD3.jpg,T2.png,f,1683,2259,f
T-14-1,SD3.jpg,T1.png,f,1079,3100,f
T-14-1,SD3.jpg,T5.png,f,4079,3900,j
T-14-1,SD3.jpg,T3.png,f,443,1155,f
T-14-1,SD3.jpg,T4.png,f,3411,0,
T-14-1,SD3.jpg,T2.png,j,1873,2257,f
T-14-1,SD3.jpg,T3.png,j,1335,1830,j
T-14-1,SD3.jpg,T1.png,f,1205,2367,f
T-14-1,SD3.jpg,T5.png,f,1907,2700,j
T-14-1,SD3.jpg,T1.png,f,713,3098,f
T-14-1,SD3.jpg,T2.png,f,933,2812,f
T-14-1,SD3.jpg,T3.png,j,1849,1258,j
T-14-1,SD3.jpg,T4.png,,0,4326,f
T-14-1,SD3.jpg,T5.png,f,2483,2299,j
T-15-1,SD1.jpg,T1.png,,,,
T-15-1,SD1.jpg,T2.png,,,,
T-15-1,SD2.jpg,T4.png,,,,
T-15-1,SD2.jpg,T2.png,,,,
T-15-1,SD3.jpg,T1.png,,,,
T-15-1,SD3.jpg,T5.png,,,,
T-15-1,SD1.jpg,T2.png,f,784,2086,f
T-15-1,SD1.jpg,T3.png,f,883,1583,f
T-15-1,SD1.jpg,T4.png,f,1288,1365,f
T-15-1,SD1.jpg,T5.png,f,894,2105,f
T-15-1,SD1.jpg,T1.png,f,693,2172,f
T-15-1,SD1.jpg,T4.png,f,553,3382,f
T-15-1,SD1.jpg,T2.png,f,411,999,f
T-15-1,SD1.jpg,T1.png,f,332,755,f
T-15-1,SD1.jpg,T5.png,f,690,664,f
T-15-1,SD1.jpg,T3.png,f,483,1720,f
T-15-1,SD1.jpg,T2.png,f,1377,0,
T-15-1,SD1.jpg,T1.png,f,536,2045,f
T-15-1,SD1.jpg,T4.png,f,564,2843,f
T-15-1,SD1.jpg,T3.png,f,262,747,f
T-15-1,SD1.jpg,T5.png,f,209,405,f
T-15-1,SD1.jpg,T2.png,f,365,2498,f
T-15-1,SD1.jpg,T4.png,f,440,939,f
T-15-1,SD1.jpg,T5.png,j,1996,656,f
T-15-1,SD1.jpg,T3.png,f,1390,725,f
T-15-1,SD1.jpg,T1.png,j,945,3135,f
T-15-1,SD2.jpg,T3.png,f,672,1446,f
T-15-1,SD2.jpg,T1.png,f,770,4676,f
T-15-1,SD2.jpg,T4.png,j,1689,3188,f
T-15-1,SD2.jpg,T5.png,j,898,2354,j
T-15-1,SD2.jpg,T2.png,f,968,1264,f
T-15-1,SD2.jpg,T1.png,f,291,2400,f
T-15-1,SD2.jpg,T5.png,j,746,3249,j
T-15-1,SD2.jpg,T4.png,j,310,3489,f
T-15-1,SD2.jpg,T3.png,f,208,1554,f
T-15-1,SD2.jpg,T2.png,f,226,2135,f
T-15-1,SD2.jpg,T4.png,j,803,3487,f
T-15-1,SD2.jpg,T5.png,j,889,1093,j
T-15-1,SD2.jpg,T1.png,f,393,1312,f
T-15-1,SD2.jpg,T3.png,f,241,846,f
T-15-1,SD2.jpg,T2.png,f,238,1064,f
T-15-1,SD2.jpg,T3.png,f,148,711,f
T-15-1,SD2.jpg,T1.png,f,447,1010,f
T-15-1,SD2.jpg,T5.png,j,840,3060,j
T-15-1,SD2.jpg,T2.png,f,540,795,f
T-15-1,SD2.jpg,T4.png,f,916,3064,f
T-15-1,SD3.jpg,T2.png,f,499,2421,f
T-15-1,SD3.jpg,T3.png,f,501,2703,f
T-15-1,SD3.jpg,T5.png,j,240,1542,j
T-15-1,SD3.jpg,T1.png,f,481,896,f
T-15-1,SD3.jpg,T4.png,j,249,1122,f
T-15-1,SD3.jpg,T3.png,f,147,826,f
T-15-1,SD3.jpg,T4.png,f,528,2269,f
T-15-1,SD3.jpg,T1.png,j,1048,1261,f
T-15-1,SD3.jpg,T5.png,j,251,1428,j
T-15-1,SD3.jpg,T2.png,f,252,783,f
T-15-1,SD3.jpg,T5.png,j,318,975,j
T-15-1,SD3.jpg,T1.png,f,241,839,f
T-15-1,SD3.jpg,T4.png,f,728,1611,f
T-15-1,SD3.jpg,T2.png,f,346,1129,f
T-15-1,SD3.jpg,T3.png,f,14,587,f
T-15-1,SD3.jpg,T5.png,j,309,1025,j
T-15-1,SD3.jpg,T3.png,f,311,563,f
T-15-1,SD3.jpg,T4.png,f,434,1499,f
T-15-1,SD3.jpg,T2.png,f,392,531,f
T-15-1,SD3.jpg,T1.png,f,419,602,f
T-16-1,SD1.jpg,T5.png,,,,
T-16-1,SD1.jpg,T1.png,,,,
T-16-1,SD2.jpg,T5.png,,,,
T-16-1,SD2.jpg,T2.png,,,,
T-16-1,SD3.jpg,T3.png,,,,
T-16-1,SD3.jpg,T2.png,,,,
T-16-1,SD1.jpg,T5.png,f,2186,3567,f
T-16-1,SD1.jpg,T2.png,f,2154,4283,f
T-16-1,SD1.jpg,T4.png,j,1685,3407,f
T-16-1,SD1.jpg,T1.png,f,1233,2128,f
T-16-1,SD1.jpg,T3.png,f,2054,1807,f
T-16-1,SD1.jpg,T5.png,f,2931,2899,f
T-16-1,SD1.jpg,T2.png,j,554,4003,f
T-16-1,SD1.jpg,T1.png,f,908,2265,f
T-16-1,SD1.jpg,T3.png,f,1506,1583,f
T-16-1,SD1.jpg,T4.png,j,1871,3044,f
T-16-1,SD1.jpg,T1.png,j,1484,3029,f
T-16-1,SD1.jpg,T4.png,j,1996,4071,f
T-16-1,SD1.jpg,T2.png,j,2910,0,
T-16-1,SD1.jpg,T5.png,j,2124,2937,j
T-16-1,SD1.jpg,T3.png,f,1649,3156,f
T-16-1,SD1.jpg,T4.png,j,1935,3706,j
T-16-1,SD1.jpg,T5.png,j,1884,2779,j
T-16-1,SD1.jpg,T3.png,f,1047,2090,f
T-16-1,SD1.jpg,T1.png,j,773,2960,f
T-16-1,SD1.jpg,T2.png,j,1993,0,
T-16-1,SD2.jpg,T4.png,j,2791,0,
T-16-1,SD2.jpg,T2.png,f,3358,2939,f
T-16-1,SD2.jpg,T5.png,j,430,2397,j
T-16-1,SD2.jpg,T3.png,f,347,1763,f
T-16-1,SD2.jpg,T1.png,j,1566,2382,f
T-16-1,SD2.jpg,T4.png,f,929,1938,f
T-16-1,SD2.jpg,T2.png,j,1653,3122,f
T-16-1,SD2.jpg,T5.png,j,1366,2534,j
T-16-1,SD2.jpg,T1.png,j,629,3221,f
T-16-1,SD2.jpg,T3.png,f,320,1160,f
T-16-1,SD2.jpg,T1.png,j,278,3481,f
T-16-1,SD2.jpg,T3.png,f,740,849,f
T-16-1,SD2.jpg,T5.png,j,411,2538,j
T-16-1,SD2.jpg,T2.png,j,377,2821,f
T-16-1,SD2.jpg,T4.png,j,339,2696,f
T-16-1,SD2.jpg,T3.png,f,514,1035,f
T-16-1,SD2.jpg,T2.png,j,348,1856,f
T-16-1,SD2.jpg,T4.png,j,279,4182,f
T-16-1,SD2.jpg,T1.png,j,480,1824,f
T-16-1,SD2.jpg,T5.png,j,346,2584,j
T-16-1,SD3.jpg,T2.png,f,1323,3461,f
T-16-1,SD3.jpg,T1.png,f,779,2414,f
T-16-1,SD3.jpg,T3.png,f,375,865,f
T-16-1,SD3.jpg,T4.png,j,726,2960,j
T-16-1,SD3.jpg,T5.png,j,292,2765,j
T-16-1,SD3.jpg,T4.png,j,1232,2337,f
T-16-1,SD3.jpg,T5.png,j,472,1676,j
T-16-1,SD3.jpg,T1.png,j,258,1355,f
T-16-1,SD3.jpg,T2.png,j,874,4820,f
T-16-1,SD3.jpg,T3.png,f,468,934,f
T-16-1,SD3.jpg,T2.png,j,164,1540,f
T-16-1,SD3.jpg,T4.png,j,266,3178,f
T-16-1,SD3.jpg,T1.png,j,260,1712,f
T-16-1,SD3.jpg,T3.png,f,285,778,f
T-16-1,SD3.jpg,T5.png,j,682,1761,j
T-16-1,SD3.jpg,T2.png,j,377,1417,f
T-16-1,SD3.jpg,T1.png,j,467,1115,f
T-16-1,SD3.jpg,T4.png,f,1001,1406,f
T-16-1,SD3.jpg,T5.png,j,241,2239,j
T-16-1,SD3.jpg,T3.png,f,314,1016,f
T-17-1,SD1.jpg,T4.png,,,,
T-17-1,SD1.jpg,T1.png,,,,
T-17-1,SD2.jpg,T2.png,,,,
T-17-1,SD2.jpg,T5.png,,,,
T-17-1,SD3.jpg,T4.png,,,,
T-17-1,SD3.jpg,T3.png,,,,
T-17-1,SD1.jpg,T5.png,f,688,2118,f
T-17-1,SD1.jpg,T4.png,j,642,2651,f
T-17-1,SD1.jpg,T1.png,j,555,4379,f
T-17-1,SD1.jpg,T2.png,j,514,2857,f
T-17-1,SD1.jpg,T3.png,f,643,1437,f
T-17-1,SD1.jpg,T2.png,j,511,2168,f
T-17-1,SD1.jpg,T1.png,j,543,2331,f
T-17-1,SD1.jpg,T5.png,j,590,1886,f
T-17-1,SD1.jpg,T3.png,f,828,1240,f
T-17-1,SD1.jpg,T4.png,j,617,3702,f
T-17-1,SD1.jpg,T2.png,j,643,3160,f
T-17-1,SD1.jpg,T4.png,j,422,2180,f
T-17-1,SD1.jpg,T1.png,j,493,1568,f
T-17-1,SD1.jpg,T5.png,j,458,2573,f
T-17-1,SD1.jpg,T3.png,f,552,1188,f
T-17-1,SD1.jpg,T2.png,j,811,1707,f
T-17-1,SD1.jpg,T5.png,j,589,1222,f
T-17-1,SD1.jpg,T4.png,j,445,1525,f
T-17-1,SD1.jpg,T1.png,j,711,1334,f
T-17-1,SD1.jpg,T3.png,f,652,1308,f
T-17-1,SD2.jpg,T1.png,j,662,2730,f
T-17-1,SD2.jpg,T3.png,f,835,1735,f
T-17-1,SD2.jpg,T2.png,j,468,1157,f
T-17-1,SD2.jpg,T5.png,j,588,1847,f
T-17-1,SD2.jpg,T4.png,j,409,1221,f
T-17-1,SD2.jpg,T5.png,j,554,2029,f
T-17-1,SD2.jpg,T1.png,j,483,1764,f
T-17-1,SD2.jpg,T4.png,j,451,1922,f
T-17-1,SD2.jpg,T3.png,f,565,1522,f
T-17-1,SD2.jpg,T2.png,j,500,1763,f
T-17-1,SD2.jpg,T1.png,j,429,2263,f
T-17-1,SD2.jpg,T4.png,j,494,1518,f
T-17-1,SD2.jpg,T3.png,f,569,1181,f
T-17-1,SD2.jpg,T2.png,j,426,1598,f
T-17-1,SD2.jpg,T5.png,j,408,1245,f
T-17-1,SD2.jpg,T2.png,j,420,870,f
T-17-1,SD2.jpg,T5.png,j,456,1632,f
T-17-1,SD2.jpg,T4.png,j,682,1363,f
T-17-1,SD2.jpg,T3.png,f,530,1268,f
T-17-1,SD2.jpg,T1.png,j,419,1194,f
T-17-1,SD3.jpg,T5.png,j,654,2299,f
T-17-1,SD3.jpg,T3.png,f,383,978,f
T-17-1,SD3.jpg,T4.png,j,428,1640,f
T-17-1,SD3.jpg,T2.png,j,476,2357,f
T-17-1,SD3.jpg,T1.png,j,493,2311,f
T-17-1,SD3.jpg,T4.png,j,431,1740,f
T-17-1,SD3.jpg,T5.png,j,677,1097,f
T-17-1,SD3.jpg,T1.png,j,476,1481,f
T-17-1,SD3.jpg,T3.png,f,598,965,f
T-17-1,SD3.jpg,T2.png,j,423,1208,f
T-17-1,SD3.jpg,T1.png,j,803,1174,f
T-17-1,SD3.jpg,T3.png,f,651,1598,f
T-17-1,SD3.jpg,T2.png,j,432,977,f
T-17-1,SD3.jpg,T4.png,j,2664,1678,f
T-17-1,SD3.jpg,T5.png,j,421,1582,f
T-17-1,SD3.jpg,T1.png,j,567,1592,f
T-17-1,SD3.jpg,T5.png,j,967,1275,f
T-17-1,SD3.jpg,T4.png,j,628,1362,f
T-17-1,SD3.jpg,T3.png,f,652,1085,f
T-17-1,SD3.jpg,T2.png,j,433,1218,f
T-18-1,SD1.jpg,T5.png,,,,
T-18-1,SD1.jpg,T2.png,,,,
T-18-1,SD2.jpg,T1.png,,,,
T-18-1,SD2.jpg,T4.png,,,,
T-18-1,SD3.jpg,T5.png,,,,
T-18-1,SD3.jpg,T2.png,,,,
T-18-1,SD1.jpg,T3.png,f,949,1948,f
T-18-1,SD1.jpg,T1.png,j,1044,3540,j
T-18-1,SD1.jpg,T5.png,j,1188,1660,j
T-18-1,SD1.jpg,T4.png,j,537,2046,j
T-18-1,SD1.jpg,T2.png,j,429,1831,j
T-18-1,SD1.jpg,T3.png,f,1421,1102,f
T-18-1,SD1.jpg,T5.png,j,1235,1273,j
T-18-1,SD1.jpg,T1.png,j,969,0,
T-18-1,SD1.jpg,T4.png,j,1028,1918,j
T-18-1,SD1.jpg,T2.png,j,519,1795,j
T-18-1,SD1.jpg,T4.png,j,340,1440,j
T-18-1,SD1.jpg,T2.png,j,599,610,j
T-18-1,SD1.jpg,T1.png,j,341,1287,j
T-18-1,SD1.jpg,T3.png,f,824,1602,j
T-18-1,SD1.jpg,T5.png,j,1443,1410,j
T-18-1,SD1.jpg,T3.png,f,615,1081,f
T-18-1,SD1.jpg,T4.png,j,925,1893,j
T-18-1,SD1.jpg,T5.png,j,389,1092,j
T-18-1,SD1.jpg,T2.png,j,305,629,j
T-18-1,SD1.jpg,T1.png,j,505,1286,j
T-18-1,SD2.jpg,T2.png,j,491,0,
T-18-1,SD2.jpg,T4.png,j,692,1941,j
T-18-1,SD2.jpg,T5.png,j,582,1071,j
T-18-1,SD2.jpg,T1.png,j,590,1169,j
T-18-1,SD2.jpg,T3.png,f,785,1425,f
T-18-1,SD2.jpg,T2.png,j,429,967,j
T-18-1,SD2.jpg,T3.png,f,363,1244,f
T-18-1,SD2.jpg,T1.png,j,423,804,j
T-18-1,SD2.jpg,T5.png,j,529,1073,j
T-18-1,SD2.jpg,T4.png,j,332,2286,j
T-18-1,SD2.jpg,T3.png,f,500,948,f
T-18-1,SD2.jpg,T4.png,j,305,997,j
T-18-1,SD2.jpg,T2.png,j,389,497,j
T-18-1,SD2.jpg,T1.png,j,341,1244,j
T-18-1,SD2.jpg,T5.png,j,668,867,j
T-18-1,SD2.jpg,T1.png,j,843,743,j
T-18-1,SD2.jpg,T5.png,j,368,571,j
T-18-1,SD2.jpg,T3.png,f,574,1069,f
T-18-1,SD2.jpg,T2.png,j,368,2657,j
T-18-1,SD2.jpg,T4.png,j,385,817,j
T-18-1,SD3.jpg,T3.png,f,814,1770,f
T-18-1,SD3.jpg,T5.png,f,829,2324,f
T-18-1,SD3.jpg,T4.png,f,540,1145,f
T-18-1,SD3.jpg,T1.png,j,842,1815,j
T-18-1,SD3.jpg,T2.png,j,654,1076,j
T-18-1,SD3.jpg,T4.png,f,587,4234,f
T-18-1,SD3.jpg,T5.png,f,1022,2726,f
T-18-1,SD3.jpg,T3.png,f,634,1216,f
T-18-1,SD3.jpg,T2.png,j,677,1756,j
T-18-1,SD3.jpg,T1.png,j,876,1870,j
T-18-1,SD3.jpg,T2.png,j,787,3672,j
T-18-1,SD3.jpg,T5.png,f,693,0,
T-18-1,SD3.jpg,T3.png,f,618,1381,f
T-18-1,SD3.jpg,T1.png,j,582,1933,j
T-18-1,SD3.jpg,T4.png,f,570,1999,f
T-18-1,SD3.jpg,T2.png,j,369,3915,j
T-18-1,SD3.jpg,T1.png,j,508,3666,j
T-18-1,SD3.jpg,T3.png,f,528,1701,f
T-18-1,SD3.jpg,T4.png,j,1188,4330,f
T-18-1,SD3.jpg,T5.png,j,1522,0,
T-19-1,SD1.jpg,T2.png,,,,
T-19-1,SD1.jpg,T1.png,,,,
T-19-1,SD2.jpg,T5.png,,,,
T-19-1,SD2.jpg,T1.png,,,,
T-19-1,SD3.jpg,T3.png,,,,
T-19-1,SD3.jpg,T2.png,,,,
T-19-1,SD1.jpg,T3.png,f,1760,1245,f
T-19-1,SD1.jpg,T1.png,j,666,2211,j
T-19-1,SD1.jpg,T4.png,j,530,1843,j
T-19-1,SD1.jpg,T2.png,j,312,1078,j
T-19-1,SD1.jpg,T5.png,j,478,1445,j
T-19-1,SD1.jpg,T1.png,j,345,991,j
T-19-1,SD1.jpg,T3.png,f,750,1309,f
T-19-1,SD1.jpg,T5.png,j,407,2424,j
T-19-1,SD1.jpg,T4.png,j,257,962,j
T-19-1,SD1.jpg,T2.png,j,179,1650,j
T-19-1,SD1.jpg,T5.png,j,216,1329,j
T-19-1,SD1.jpg,T1.png,j,550,1243,j
T-19-1,SD1.jpg,T3.png,f,313,1122,f
T-19-1,SD1.jpg,T4.png,f,299,1645,f
T-19-1,SD1.jpg,T2.png,j,226,781,j
T-19-1,SD1.jpg,T5.png,j,207,868,j
T-19-1,SD1.jpg,T3.png,f,268,660,f
T-19-1,SD1.jpg,T4.png,f,270,1841,f
T-19-1,SD1.jpg,T1.png,j,426,1089,j
T-19-1,SD1.jpg,T2.png,j,303,1116,j
T-19-1,SD2.jpg,T4.png,j,674,1498,j
T-19-1,SD2.jpg,T1.png,j,271,801,j
T-19-1,SD2.jpg,T5.png,j,338,767,j
T-19-1,SD2.jpg,T2.png,j,273,567,j
T-19-1,SD2.jpg,T3.png,f,199,615,f
T-19-1,SD2.jpg,T1.png,j,280,641,j
T-19-1,SD2.jpg,T3.png,f,352,720,f
T-19-1,SD2.jpg,T5.png,j,248,773,j
T-19-1,SD2.jpg,T4.png,j,302,800,j
T-19-1,SD2.jpg,T2.png,j,283,978,j
T-19-1,SD2.jpg,T3.png,f,340,709,f
T-19-1,SD2.jpg,T5.png,j,295,1342,j
T-19-1,SD2.jpg,T1.png,j,99,793,j
T-19-1,SD2.jpg,T2.png,j,231,868,j
T-19-1,SD2.jpg,T4.png,j,148,569,j
T-19-1,SD2.jpg,T2.png,j,269,543,j
T-19-1,SD2.jpg,T1.png,j,417,465,j
T-19-1,SD2.jpg,T4.png,j,276,444,j
T-19-1,SD2.jpg,T5.png,j,331,887,j
T-19-1,SD2.jpg,T3.png,f,355,680,f
T-19-1,SD3.jpg,T5.png,j,299,797,j
T-19-1,SD3.jpg,T3.png,j,1519,310,j
T-19-1,SD3.jpg,T2.png,j,232,1182,j
T-19-1,SD3.jpg,T4.png,j,273,445,j
T-19-1,SD3.jpg,T1.png,j,453,441,j
T-19-1,SD3.jpg,T5.png,j,241,663,j
T-19-1,SD3.jpg,T3.png,f,237,521,f
T-19-1,SD3.jpg,T4.png,j,318,328,j
T-19-1,SD3.jpg,T1.png,j,206,611,j
T-19-1,SD3.jpg,T2.png,j,336,569,j
T-19-1,SD3.jpg,T4.png,j,202,666,j
T-19-1,SD3.jpg,T2.png,j,266,453,j
T-19-1,SD3.jpg,T5.png,j,552,562,j
T-19-1,SD3.jpg,T1.png,j,257,565,j
T-19-1,SD3.jpg,T3.png,f,219,515,f
T-19-1,SD3.jpg,T5.png,j,481,506,j
T-19-1,SD3.jpg,T1.png,j,321,1257,j
T-19-1,SD3.jpg,T2.png,j,564,574,j
T-19-1,SD3.jpg,T3.png,f,293,923,f
T-19-1,SD3.jpg,T4.png,j,248,700,j
T-2-1,SD1.jpg,T1.png,,,,
T-2-1,SD1.jpg,T3.png,,,,
T-2-1,SD2.jpg,T5.png,,,,
T-2-1,SD2.jpg,T4.png,,,,
T-2-1,SD3.jpg,T2.png,,,,
T-2-1,SD3.jpg,T4.png,,,,
T-2-1,SD1.jpg,T2.png,j,945,3402,f
T-2-1,SD1.jpg,T4.png,j,498,3255,f
T-2-1,SD1.jpg,T1.png,j,465,1979,f
T-2-1,SD1.jpg,T5.png,j,380,1503,f
T-2-1,SD1.jpg,T3.png,f,872,1062,f
T-2-1,SD1.jpg,T4.png,j,425,1379,f
T-2-1,SD1.jpg,T5.png,j,913,4341,j
T-2-1,SD1.jpg,T2.png,j,444,1625,f
T-2-1,SD1.jpg,T1.png,j,433,1109,f
T-2-1,SD1.jpg,T3.png,f,402,1402,f
T-2-1,SD1.jpg,T4.png,j,666,2304,j
T-2-1,SD1.jpg,T2.png,j,502,1334,f
T-2-1,SD1.jpg,T5.png,j,270,4619,j
T-2-1,SD1.jpg,T3.png,f,326,796,f
T-2-1,SD1.jpg,T1.png,j,520,1278,f
T-2-1,SD1.jpg,T3.png,j,615,676,f
T-2-1,SD1.jpg,T5.png,j,1043,0,
T-2-1,SD1.jpg,T2.png,j,1179,1265,f
T-2-1,SD1.jpg,T1.png,j,563,1906,f
T-2-1,SD1.jpg,T4.png,j,2064,1836,j
T-2-1,SD2.jpg,T5.png,j,440,1774,j
T-2-1,SD2.jpg,T1.png,j,507,1494,f
T-2-1,SD2.jpg,T2.png,j,1284,2922,f
T-2-1,SD2.jpg,T4.png,j,254,1878,j
T-2-1,SD2.jpg,T3.png,f,290,1495,f
T-2-1,SD2.jpg,T4.png,j,349,1518,j
T-2-1,SD2.jpg,T1.png,j,634,1122,f
T-2-1,SD2.jpg,T5.png,j,569,1357,j
T-2-1,SD2.jpg,T3.png,f,300,703,f
T-2-1,SD2.jpg,T2.png,f,508,3255,f
T-2-1,SD2.jpg,T4.png,j,369,1562,j
T-2-1,SD2.jpg,T3.png,f,330,672,f
T-2-1,SD2.jpg,T1.png,j,341,1174,f
T-2-1,SD2.jpg,T2.png,j,298,955,f
T-2-1,SD2.jpg,T5.png,j,1024,1171,j
T-2-1,SD2.jpg,T1.png,j,74,995,f
T-2-1,SD2.jpg,T2.png,j,370,1378,f
T-2-1,SD2.jpg,T5.png,j,316,1471,j
T-2-1,SD2.jpg,T4.png,j,884,1341,j
T-2-1,SD2.jpg,T3.png,f,958,2047,f
T-2-1,SD3.jpg,T5.png,j,851,2158,j
T-2-1,SD3.jpg,T3.png,f,1408,746,f
T-2-1,SD3.jpg,T2.png,j,349,1021,f
T-2-1,SD3.jpg,T4.png,j,1091,1334,j
T-2-1,SD3.jpg,T1.png,j,997,1708,f
T-2-1,SD3.jpg,T2.png,j,476,1496,f
T-2-1,SD3.jpg,T3.png,f,1751,937,f
T-2-1,SD3.jpg,T1.png,j,626,3986,f
T-2-1,SD3.jpg,T5.png,j,702,1089,j
T-2-1,SD3.jpg,T4.png,j,304,1357,j
T-2-1,SD3.jpg,T2.png,j,685,1095,f
T-2-1,SD3.jpg,T4.png,j,715,1337,j
T-2-1,SD3.jpg,T1.png,j,678,1107,f
T-2-1,SD3.jpg,T3.png,f,278,882,f
T-2-1,SD3.jpg,T5.png,j,683,1149,j
T-2-1,SD3.jpg,T1.png,j,855,719,f
T-2-1,SD3.jpg,T5.png,j,378,1471,j
T-2-1,SD3.jpg,T2.png,j,319,884,f
T-2-1,SD3.jpg,T4.png,j,349,1317,j
T-2-1,SD3.jpg,T3.png,j,1090,1130,f
T-2-2,SD1.jpg,T5.png,,,,
T-2-2,SD1.jpg,T1.png,,,,
T-2-2,SD2.jpg,T4.png,,,,
T-2-2,SD2.jpg,T1.png,,,,
T-2-2,SD3.jpg,T5.png,,,,
T-2-2,SD3.jpg,T2.png,,,,
T-2-2,SD1.jpg,T5.png,j,663,1233,j
T-2-2,SD1.jpg,T2.png,j,360,1258,f
T-2-2,SD1.jpg,T4.png,j,910,1175,f
T-2-2,SD1.jpg,T1.png,j,459,860,f
T-2-2,SD1.jpg,T3.png,f,379,817,f
T-2-2,SD1.jpg,T4.png,j,688,2152,f
T-2-2,SD1.jpg,T3.png,f,294,680,f
T-2-2,SD1.jpg,T5.png,j,268,1511,j
T-2-2,SD1.jpg,T2.png,j,555,1373,f
T-2-2,SD1.jpg,T1.png,j,348,815,f
T-2-2,SD1.jpg,T2.png,j,296,951,f
T-2-2,SD1.jpg,T1.png,j,288,1118,f
T-2-2,SD1.jpg,T5.png,j,463,1636,j
T-2-2,SD1.jpg,T4.png,j,503,1473,f
T-2-2,SD1.jpg,T3.png,f,240,738,f
T-2-2,SD1.jpg,T4.png,j,244,1330,f
T-2-2,SD1.jpg,T5.png,j,286,952,j
T-2-2,SD1.jpg,T1.png,j,256,1032,f
T-2-2,SD1.jpg,T3.png,f,1071,917,f
T-2-2,SD1.jpg,T2.png,j,466,968,f
T-2-2,SD2.jpg,T5.png,j,372,1784,j
T-2-2,SD2.jpg,T4.png,j,298,3526,f
T-2-2,SD2.jpg,T3.png,f,282,693,f
T-2-2,SD2.jpg,T2.png,j,260,1088,f
T-2-2,SD2.jpg,T1.png,j,1074,1109,f
T-2-2,SD2.jpg,T2.png,j,516,849,f
T-2-2,SD2.jpg,T4.png,j,507,2419,j
T-2-2,SD2.jpg,T1.png,j,258,811,f
T-2-2,SD2.jpg,T5.png,j,305,1162,j
T-2-2,SD2.jpg,T3.png,f,279,692,f
T-2-2,SD2.jpg,T5.png,j,322,1326,j
T-2-2,SD2.jpg,T2.png,j,478,1025,f
T-2-2,SD2.jpg,T4.png,j,825,1459,j
T-2-2,SD2.jpg,T3.png,f,301,941,f
T-2-2,SD2.jpg,T1.png,j,411,1133,f
T-2-2,SD2.jpg,T3.png,f,260,628,f
T-2-2,SD2.jpg,T5.png,j,1120,1428,j
T-2-2,SD2.jpg,T1.png,j,1104,1602,f
T-2-2,SD2.jpg,T4.png,j,280,1057,j
T-2-2,SD2.jpg,T2.png,j,244,735,f
T-2-2,SD3.jpg,T3.png,f,371,995,f
T-2-2,SD3.jpg,T1.png,j,194,939,f
T-2-2,SD3.jpg,T5.png,j,486,972,j
T-2-2,SD3.jpg,T2.png,j,467,805,f
T-2-2,SD3.jpg,T4.png,j,640,1176,j
T-2-2,SD3.jpg,T1.png,j,342,1108,f
T-2-2,SD3.jpg,T2.png,j,416,968,f
T-2-2,SD3.jpg,T4.png,j,619,2639,j
T-2-2,SD3.jpg,T3.png,j,905,3267,f
T-2-2,SD3.jpg,T5.png,j,603,1080,j
T-2-2,SD3.jpg,T4.png,j,570,1290,j
T-2-2,SD3.jpg,T2.png,j,366,921,f
T-2-2,SD3.jpg,T1.png,j,607,634,f
T-2-2,SD3.jpg,T5.png,j,613,976,j
T-2-2,SD3.jpg,T3.png,j,298,578,f
T-2-2,SD3.jpg,T4.png,j,589,1525,f
T-2-2,SD3.jpg,T5.png,j,621,1011,j
T-2-2,SD3.jpg,T2.png,j,284,795,f
T-2-2,SD3.jpg,T3.png,f,490,962,f
T-2-2,SD3.jpg,T1.png,j,562,925,f
T-20-1,SD1.jpg,T3.png,,,,
T-20-1,SD1.jpg,T1.png,,,,
T-20-1,SD2.jpg,T4.png,,,,
T-20-1,SD2.jpg,T2.png,,,,
T-20-1,SD3.jpg,T1.png,,,,
T-20-1,SD3.jpg,T3.png,,,,
T-20-1,SD1.jpg,T5.png,j,1443,0,
T-20-1,SD1.jpg,T1.png,j,375,0,
T-20-1,SD1.jpg,T3.png,f,1708,1503,f
T-20-1,SD1.jpg,T2.png,f,3645,4630,j
T-20-1,SD1.jpg,T4.png,j,1177,0,
T-20-1,SD1.jpg,T5.png,j,1420,2928,j
T-20-1,SD1.jpg,T1.png,j,2526,3065,j
T-20-1,SD1.jpg,T4.png,j,2218,1911,j
T-20-1,SD1.jpg,T3.png,f,1670,1429,f
T-20-1,SD1.jpg,T2.png,j,1753,2049,j
T-20-1,SD1.jpg,T1.png,j,1392,1394,j
T-20-1,SD1.jpg,T4.png,j,1302,1324,j
T-20-1,SD1.jpg,T5.png,j,2550,1369,j
T-20-1,SD1.jpg,T3.png,f,1178,1328,f
T-20-1,SD1.jpg,T2.png,j,1002,1261,j
T-20-1,SD1.jpg,T4.png,j,982,1032,j
T-20-1,SD1.jpg,T2.png,j,813,1387,j
T-20-1,SD1.jpg,T3.png,f,1114,1036,f
T-20-1,SD1.jpg,T5.png,j,804,1853,j
T-20-1,SD1.jpg,T1.png,j,967,2282,j
T-20-1,SD2.jpg,T3.png,f,837,1372,f
T-20-1,SD2.jpg,T4.png,j,1758,2727,j
T-20-1,SD2.jpg,T2.png,j,1325,1543,j
T-20-1,SD2.jpg,T1.png,j,869,1357,j
T-20-1,SD2.jpg,T5.png,j,529,1729,j
T-20-1,SD2.jpg,T3.png,f,923,1199,f
T-20-1,SD2.jpg,T5.png,j,687,1046,j
T-20-1,SD2.jpg,T2.png,j,1051,1561,j
T-20-1,SD2.jpg,T4.png,j,1090,960,j
T-20-1,SD2.jpg,T1.png,j,575,976,j
T-20-1,SD2.jpg,T4.png,j,820,1954,j
T-20-1,SD2.jpg,T3.png,f,505,926,f
T-20-1,SD2.jpg,T5.png,j,1039,720,j
T-20-1,SD2.jpg,T2.png,j,304,708,j
T-20-1,SD2.jpg,T1.png,j,345,906,j
T-20-1,SD2.jpg,T4.png,j,481,730,j
T-20-1,SD2.jpg,T3.png,f,583,734,f
T-20-1,SD2.jpg,T5.png,j,918,762,j
T-20-1,SD2.jpg,T2.png,j,411,740,j
T-20-1,SD2.jpg,T1.png,j,326,671,j
T-20-1,SD3.jpg,T4.png,j,4449,3723,j
T-20-1,SD3.jpg,T3.png,f,1531,1213,f
T-20-1,SD3.jpg,T5.png,j,1326,1496,j
T-20-1,SD3.jpg,T2.png,j,535,957,j
T-20-1,SD3.jpg,T1.png,j,568,1543,j
T-20-1,SD3.jpg,T5.png,j,941,1148,j
T-20-1,SD3.jpg,T4.png,j,460,4332,j
T-20-1,SD3.jpg,T1.png,j,622,1079,j
T-20-1,SD3.jpg,T3.png,f,757,1474,f
T-20-1,SD3.jpg,T2.png,j,474,627,j
T-20-1,SD3.jpg,T3.png,f,601,745,f
T-20-1,SD3.jpg,T1.png,j,436,663,j
T-20-1,SD3.jpg,T4.png,j,344,609,j
T-20-1,SD3.jpg,T2.png,j,282,665,j
T-20-1,SD3.jpg,T5.png,j,277,656,j
T-20-1,SD3.jpg,T1.png,j,326,481,j
T-20-1,SD3.jpg,T4.png,j,292,1506,j
T-20-1,SD3.jpg,T2.png,j,354,635,j
T-20-1,SD3.jpg,T5.png,j,340,423,j
T-20-1,SD3.jpg,T3.png,f,371,728,f
T-21-1,SD1.jpg,T1.png,,,,
T-21-1,SD1.jpg,T3.png,,,,
T-21-1,SD2.jpg,T5.png,,,,
T-21-1,SD2.jpg,T1.png,,,,
T-21-1,SD3.jpg,T5.png,,,,
T-21-1,SD3.jpg,T1.png,,,,
T-21-1,SD1.jpg,T1.png,j,586,1409,f
T-21-1,SD1.jpg,T3.png,f,358,752,f
T-21-1,SD1.jpg,T5.png,j,375,1053,f
T-21-1,SD1.jpg,T4.png,j,362,503,f
T-21-1,SD1.jpg,T2.png,j,286,528,f
T-21-1,SD1.jpg,T3.png,f,316,615,f
T-21-1,SD1.jpg,T5.png,j,314,552,f
T-21-1,SD1.jpg,T1.png,j,294,667,f
T-21-1,SD1.jpg,T2.png,j,272,490,f
T-21-1,SD1.jpg,T4.png,j,296,542,f
T-21-1,SD1.jpg,T3.png,f,354,376,f
T-21-1,SD1.jpg,T4.png,j,633,598,f
T-21-1,SD1.jpg,T2.png,j,282,410,f
T-21-1,SD1.jpg,T5.png,j,326,503,f
T-21-1,SD1.jpg,T1.png,j,311,472,f
T-21-1,SD1.jpg,T3.png,f,454,541,f
T-21-1,SD1.jpg,T5.png,j,402,553,f
T-21-1,SD1.jpg,T2.png,j,322,508,f
T-21-1,SD1.jpg,T4.png,j,371,476,f
T-21-1,SD1.jpg,T1.png,j,311,498,f
T-21-1,SD2.jpg,T2.png,j,809,1183,f
T-21-1,SD2.jpg,T5.png,j,919,622,f
T-21-1,SD2.jpg,T3.png,f,392,619,f
T-21-1,SD2.jpg,T4.png,j,527,1506,j
T-21-1,SD2.jpg,T1.png,j,567,1051,f
T-21-1,SD2.jpg,T2.png,j,338,1114,f
T-21-1,SD2.jpg,T4.png,j,461,768,j
T-21-1,SD2.jpg,T3.png,f,313,634,f
T-21-1,SD2.jpg,T5.png,j,449,1662,j
T-21-1,SD2.jpg,T1.png,j,330,1187,f
T-21-1,SD2.jpg,T4.png,j,303,2562,j
T-21-1,SD2.jpg,T5.png,j,367,2718,j
T-21-1,SD2.jpg,T2.png,j,378,909,f
T-21-1,SD2.jpg,T1.png,j,431,2644,f
T-21-1,SD2.jpg,T3.png,f,769,621,f
T-21-1,SD2.jpg,T4.png,j,1472,2189,j
T-21-1,SD2.jpg,T5.png,j,503,2025,j
T-21-1,SD2.jpg,T1.png,j,780,549,j
T-21-1,SD2.jpg,T2.png,j,775,1031,f
T-21-1,SD2.jpg,T3.png,f,422,785,f
T-21-1,SD3.jpg,T4.png,j,777,3129,j
T-21-1,SD3.jpg,T1.png,j,407,1299,f
T-21-1,SD3.jpg,T5.png,j,1268,1342,j
T-21-1,SD3.jpg,T2.png,j,514,672,f
T-21-1,SD3.jpg,T3.png,f,295,702,f
T-21-1,SD3.jpg,T2.png,j,342,1243,f
T-21-1,SD3.jpg,T3.png,f,375,657,f
T-21-1,SD3.jpg,T1.png,j,447,957,f
T-21-1,SD3.jpg,T4.png,j,1238,0,
T-21-1,SD3.jpg,T5.png,j,581,1648,j
T-21-1,SD3.jpg,T2.png,j,605,1080,f
T-21-1,SD3.jpg,T4.png,j,341,1306,f
T-21-1,SD3.jpg,T1.png,j,334,1030,f
T-21-1,SD3.jpg,T5.png,j,305,1380,j
T-21-1,SD3.jpg,T3.png,f,426,610,f
T-21-1,SD3.jpg,T5.png,j,336,1237,j
T-21-1,SD3.jpg,T1.png,j,451,935,f
T-21-1,SD3.jpg,T3.png,f,359,578,f
T-21-1,SD3.jpg,T2.png,j,562,1097,f
T-21-1,SD3.jpg,T4.png,j,281,1325,f
T-22-1,SD1.jpg,T1.png,,,,
T-22-1,SD1.jpg,T4.png,,,,
T-22-1,SD2.jpg,T5.png,,,,
T-22-1,SD2.jpg,T1.png,,,,
T-22-1,SD3.jpg,T5.png,,,,
T-22-1,SD3.jpg,T4.png,,,,
T-22-1,SD1.jpg,T4.png,f,1806,2286,f
T-22-1,SD1.jpg,T5.png,j,478,3796,f
T-22-1,SD1.jpg,T1.png,j,1536,0,
T-22-1,SD1.jpg,T2.png,j,315,4070,f
T-22-1,SD1.jpg,T3.png,f,600,2932,f
T-22-1,SD1.jpg,T4.png,j,548,3347,f
T-22-1,SD1.jpg,T5.png,j,424,2406,j
T-22-1,SD1.jpg,T1.png,j,774,3383,j
T-22-1,SD1.jpg,T3.png,f,915,1661,f
T-22-1,SD1.jpg,T2.png,j,743,4454,j
T-22-1,SD1.jpg,T5.png,j,298,3013,j
T-22-1,SD1.jpg,T2.png,j,744,3250,j
T-22-1,SD1.jpg,T4.png,j,295,2574,f
T-22-1,SD1.jpg,T1.png,j,844,3089,f
T-22-1,SD1.jpg,T3.png,f,612,1667,f
T-22-1,SD1.jpg,T1.png,j,1379,1140,j
T-22-1,SD1.jpg,T3.png,f,577,1001,f
T-22-1,SD1.jpg,T4.png,j,281,2933,f
T-22-1,SD1.jpg,T5.png,j,606,976,f
T-22-1,SD1.jpg,T2.png,j,507,2669,j
T-22-1,SD2.jpg,T4.png,j,547,2462,j
T-22-1,SD2.jpg,T5.png,j,408,1529,j
T-22-1,SD2.jpg,T1.png,j,285,697,j
T-22-1,SD2.jpg,T3.png,f,686,538,f
T-22-1,SD2.jpg,T2.png,j,481,647,j
T-22-1,SD2.jpg,T5.png,j,467,463,j
T-22-1,SD2.jpg,T1.png,j,333,1065,j
T-22-1,SD2.jpg,T4.png,j,295,936,j
T-22-1,SD2.jpg,T2.png,j,455,599,j
T-22-1,SD2.jpg,T3.png,f,424,1159,f
T-22-1,SD2.jpg,T4.png,j,415,1392,j
T-22-1,SD2.jpg,T1.png,j,419,2052,j
T-22-1,SD2.jpg,T2.png,j,296,960,j
T-22-1,SD2.jpg,T5.png,j,963,1143,j
T-22-1,SD2.jpg,T3.png,f,537,613,f
T-22-1,SD2.jpg,T4.png,j,416,535,j
T-22-1,SD2.jpg,T3.png,f,396,937,f
T-22-1,SD2.jpg,T5.png,j,1202,896,j
T-22-1,SD2.jpg,T1.png,j,385,977,j
T-22-1,SD2.jpg,T2.png,j,226,656,j
T-22-1,SD3.jpg,T1.png,j,315,667,j
T-22-1,SD3.jpg,T3.png,j,529,364,j
T-22-1,SD3.jpg,T2.png,j,308,1026,j
T-22-1,SD3.jpg,T4.png,j,253,645,j
T-22-1,SD3.jpg,T5.png,j,355,528,j
T-22-1,SD3.jpg,T4.png,j,313,562,j
T-22-1,SD3.jpg,T3.png,f,1007,554,f
T-22-1,SD3.jpg,T5.png,j,566,473,j
T-22-1,SD3.jpg,T2.png,j,386,353,j
T-22-1,SD3.jpg,T1.png,j,349,634,j
T-22-1,SD3.jpg,T5.png,j,434,461,j
T-22-1,SD3.jpg,T1.png,j,956,518,j
T-22-1,SD3.jpg,T2.png,j,316,638,j
T-22-1,SD3.jpg,T3.png,f,411,1204,f
T-22-1,SD3.jpg,T4.png,j,459,1016,j
T-22-1,SD3.jpg,T5.png,j,463,492,j
T-22-1,SD3.jpg,T4.png,j,523,576,j
T-22-1,SD3.jpg,T2.png,j,320,1046,j
T-22-1,SD3.jpg,T1.png,j,1589,611,j
T-22-1,SD3.jpg,T3.png,f,532,546,f
T-23-1,SD1.jpg,T4.png,,,,
T-23-1,SD1.jpg,T1.png,,,,
T-23-1,SD2.jpg,T2.png,,,,
T-23-1,SD2.jpg,T5.png,,,,
T-23-1,SD3.jpg,T4.png,,,,
T-23-1,SD3.jpg,T1.png,,,,
T-23-1,SD1.jpg,T1.png,j,3837,4155,f
T-23-1,SD1.jpg,T4.png,f,2668,3510,f
T-23-1,SD1.jpg,T3.png,f,1353,2318,f
T-23-1,SD1.jpg,T2.png,f,2400,3657,f
T-23-1,SD1.jpg,T5.png,j,3069,2679,j
T-23-1,SD1.jpg,T3.png,f,2172,2912,f
T-23-1,SD1.jpg,T4.png,j,1334,4006,j
T-23-1,SD1.jpg,T5.png,j,2368,1650,j
T-23-1,SD1.jpg,T1.png,j,1972,2760,f
T-23-1,SD1.jpg,T2.png,f,1960,3178,f
T-23-1,SD1.jpg,T3.png,f,1729,1590,f
T-23-1,SD1.jpg,T4.png,f,2906,2900,f
T-23-1,SD1.jpg,T2.png,j,1108,1965,f
T-23-1,SD1.jpg,T1.png,j,1951,2152,f
T-23-1,SD1.jpg,T5.png,j,1608,4113,j
T-23-1,SD1.jpg,T4.png,f,3898,3586,f
T-23-1,SD1.jpg,T1.png,j,587,2933,f
T-23-1,SD1.jpg,T3.png,j,1134,2229,f
T-23-1,SD1.jpg,T5.png,j,2806,3813,j
T-23-1,SD1.jpg,T2.png,f,2417,4773,f
T-23-1,SD2.jpg,T1.png,j,702,3645,f
T-23-1,SD2.jpg,T2.png,j,4399,0,
T-23-1,SD2.jpg,T5.png,j,1297,3366,j
T-23-1,SD2.jpg,T3.png,f,1206,1968,f
T-23-1,SD2.jpg,T4.png,j,660,3681,j
T-23-1,SD2.jpg,T3.png,f,1426,2241,f
T-23-1,SD2.jpg,T2.png,f,782,2999,f
T-23-1,SD2.jpg,T5.png,j,1246,2704,j
T-23-1,SD2.jpg,T1.png,j,1281,2597,f
T-23-1,SD2.jpg,T4.png,j,683,2261,f
T-23-1,SD2.jpg,T5.png,j,1242,1996,j
T-23-1,SD2.jpg,T4.png,j,941,2750,f
T-23-1,SD2.jpg,T2.png,j,524,1875,f
T-23-1,SD2.jpg,T3.png,f,558,956,f
T-23-1,SD2.jpg,T1.png,j,577,1498,f
T-23-1,SD2.jpg,T4.png,j,1864,3429,j
T-23-1,SD2.jpg,T5.png,j,4548,1801,j
T-23-1,SD2.jpg,T2.png,j,622,1450,f
T-23-1,SD2.jpg,T1.png,j,479,2672,f
T-23-1,SD2.jpg,T3.png,f,682,824,f
T-23-1,SD3.jpg,T4.png,j,1550,3531,j
T-23-1,SD3.jpg,T5.png,j,876,3601,j
T-23-1,SD3.jpg,T3.png,f,1122,1040,f
T-23-1,SD3.jpg,T2.png,j,466,3140,f
T-23-1,SD3.jpg,T1.png,j,605,1417,f
T-23-1,SD3.jpg,T3.png,f,2069,895,f
T-23-1,SD3.jpg,T4.png,j,1496,1892,j
T-23-1,SD3.jpg,T2.png,j,599,2825,f
T-23-1,SD3.jpg,T1.png,j,498,1279,f
T-23-1,SD3.jpg,T5.png,j,2526,1290,j
T-23-1,SD3.jpg,T3.png,f,2596,932,f
T-23-1,SD3.jpg,T5.png,j,2327,1557,j
T-23-1,SD3.jpg,T4.png,j,2063,0,
T-23-1,SD3.jpg,T2.png,j,787,3563,f
T-23-1,SD3.jpg,T1.png,j,432,1482,f
T-23-1,SD3.jpg,T3.png,f,740,1405,f
T-23-1,SD3.jpg,T4.png,j,999,4267,j
T-23-1,SD3.jpg,T2.png,j,355,3079,f
T-23-1,SD3.jpg,T5.png,j,1154,1451,j
T-23-1,SD3.jpg,T1.png,j,935,1478,f
T-3-1,SD1.jpg,T3.png,,,,
T-3-1,SD1.jpg,T1.png,,,,
T-3-1,SD2.jpg,T5.png,,,,
T-3-1,SD2.jpg,T4.png,,,,
T-3-1,SD3.jpg,T2.png,,,,
T-3-1,SD3.jpg,T1.png,,,,
T-3-1,SD1.jpg,T2.png,,,,
T-3-1,SD1.jpg,T5.png,,,,
T-3-1,SD2.jpg,T4.png,,,,
T-3-1,SD2.jpg,T3.png,,,,
T-3-1,SD3.jpg,T2.png,,,,
T-3-1,SD3.jpg,T1.png,,,,
T-3-1,SD1.jpg,T2.png,j,524,1566,f
T-3-1,SD1.jpg,T4.png,f,810,2623,f
T-3-1,SD1.jpg,T3.png,f,1193,2342,f
T-3-1,SD1.jpg,T1.png,j,1315,3258,j
T-3-1,SD1.jpg,T5.png,j,332,2037,j
T-3-1,SD1.jpg,T3.png,f,1110,1685,f
T-3-1,SD1.jpg,T1.png,f,843,4726,f
T-3-1,SD1.jpg,T2.png,j,1635,2282,j
T-3-1,SD1.jpg,T4.png,j,523,4702,j
T-3-1,SD1.jpg,T5.png,f,513,1898,f
T-3-1,SD1.jpg,T4.png,j,334,1767,j
T-3-1,SD1.jpg,T1.png,f,383,1988,f
T-3-1,SD1.jpg,T2.png,f,308,2679,f
T-3-1,SD1.jpg,T5.png,f,320,2735,f
T-3-1,SD1.jpg,T3.png,f,316,2220,f
T-3-1,SD1.jpg,T2.png,f,341,2926,j
T-3-1,SD1.jpg,T5.png,j,534,1808,j
T-3-1,SD1.jpg,T1.png,j,291,3203,j
T-3-1,SD1.jpg,T3.png,f,424,1282,f
T-3-1,SD1.jpg,T4.png,f,459,4665,f
T-3-1,SD2.jpg,T3.png,f,827,2602,f
T-3-1,SD2.jpg,T2.png,f,272,3337,f
T-3-1,SD2.jpg,T5.png,f,354,1639,f
T-3-1,SD2.jpg,T1.png,f,335,1318,f
T-3-1,SD2.jpg,T4.png,f,382,2005,f
T-3-1,SD2.jpg,T1.png,j,583,1386,j
T-3-1,SD2.jpg,T2.png,f,356,3630,f
T-3-1,SD2.jpg,T4.png,j,931,2469,j
T-3-1,SD2.jpg,T3.png,f,397,1241,f
T-3-1,SD2.jpg,T5.png,j,314,3151,j
T-3-1,SD2.jpg,T2.png,f,741,3713,f
T-3-1,SD2.jpg,T3.png,f,374,1757,f
T-3-1,SD2.jpg,T5.png,j,801,1466,j
T-3-1,SD2.jpg,T4.png,j,344,1563,j
T-3-1,SD2.jpg,T1.png,f,2006,2682,f
T-3-1,SD2.jpg,T2.png,f,370,1688,f
T-3-1,SD2.jpg,T4.png,j,1272,0,
T-3-1,SD2.jpg,T1.png,f,400,1999,f
T-3-1,SD2.jpg,T5.png,j,1084,1774,f
T-3-1,SD2.jpg,T3.png,f,698,1242,f
T-3-1,SD3.jpg,T1.png,j,359,2566,f
T-3-1,SD3.jpg,T5.png,j,310,1571,j
T-3-1,SD3.jpg,T3.png,f,275,1075,f
T-3-1,SD3.jpg,T2.png,j,351,3250,j
T-3-1,SD3.jpg,T4.png,j,304,1258,j
T-3-1,SD3.jpg,T2.png,j,272,1618,j
T-3-1,SD3.jpg,T5.png,j,379,2606,j
T-3-1,SD3.jpg,T3.png,f,369,1258,f
T-3-1,SD3.jpg,T1.png,j,372,1054,j
T-3-1,SD3.jpg,T4.png,j,336,1664,j
T-3-1,SD3.jpg,T1.png,j,314,1817,j
T-3-1,SD3.jpg,T4.png,j,395,1936,j
T-3-1,SD3.jpg,T2.png,j,282,1355,j
T-3-1,SD3.jpg,T3.png,f,315,728,f
T-3-1,SD3.jpg,T5.png,j,428,1029,j
T-3-1,SD3.jpg,T2.png,j,467,1152,j
T-3-1,SD3.jpg,T5.png,j,339,1057,j
T-3-1,SD3.jpg,T3.png,f,305,700,f
T-3-1,SD3.jpg,T1.png,j,358,1093,j
T-3-1,SD3.jpg,T4.png,j,539,966,j
T-4-1,SD1.jpg,T3.png,,,,
T-4-1,SD1.jpg,T5.png,,,,
T-4-1,SD2.jpg,T4.png,,,,
T-4-1,SD2.jpg,T2.png,,,,
T-4-1,SD3.jpg,T4.png,,,,
T-4-1,SD3.jpg,T3.png,,,,
T-4-1,SD1.jpg,T1.png,j,552,2227,f
T-4-1,SD1.jpg,T4.png,j,986,1126,f
T-4-1,SD1.jpg,T5.png,j,1096,1141,f
T-4-1,SD1.jpg,T3.png,f,346,988,f
T-4-1,SD1.jpg,T2.png,j,529,3045,f
T-4-1,SD1.jpg,T5.png,j,568,796,f
T-4-1,SD1.jpg,T4.png,f,401,1248,f
T-4-1,SD1.jpg,T2.png,j,449,1806,f
T-4-1,SD1.jpg,T1.png,j,433,1391,f
T-4-1,SD1.jpg,T3.png,f,335,1038,f
T-4-1,SD1.jpg,T5.png,f,378,1082,f
T-4-1,SD1.jpg,T4.png,f,451,1208,f
T-4-1,SD1.jpg,T3.png,f,268,963,f
T-4-1,SD1.jpg,T1.png,j,512,1247,f
T-4-1,SD1.jpg,T2.png,j,377,1081,f
T-4-1,SD1.jpg,T4.png,f,315,2161,f
T-4-1,SD1.jpg,T5.png,f,251,769,f
T-4-1,SD1.jpg,T2.png,j,284,673,f
T-4-1,SD1.jpg,T1.png,j,376,988,f
T-4-1,SD1.jpg,T3.png,f,416,685,f
T-4-1,SD2.jpg,T2.png,j,2717,2160,f
T-4-1,SD2.jpg,T4.png,j,1708,1696,j
T-4-1,SD2.jpg,T3.png,f,567,646,f
T-4-1,SD2.jpg,T1.png,j,308,1703,f
T-4-1,SD2.jpg,T5.png,j,817,2130,j
T-4-1,SD2.jpg,T3.png,f,302,858,f
T-4-1,SD2.jpg,T2.png,j,894,2586,f
T-4-1,SD2.jpg,T5.png,j,849,1710,j
T-4-1,SD2.jpg,T4.png,j,578,1338,j
T-4-1,SD2.jpg,T1.png,j,481,1324,f
T-4-1,SD2.jpg,T5.png,j,279,1096,f
T-4-1,SD2.jpg,T1.png,j,353,3159,f
T-4-1,SD2.jpg,T3.png,f,279,2122,f
T-4-1,SD2.jpg,T2.png,f,725,3019,f
T-4-1,SD2.jpg,T4.png,j,2665,1329,j
T-4-1,SD2.jpg,T1.png,j,382,1816,f
T-4-1,SD2.jpg,T4.png,j,1027,2384,j
T-4-1,SD2.jpg,T3.png,f,743,755,f
T-4-1,SD2.jpg,T2.png,j,675,3101,f
T-4-1,SD2.jpg,T5.png,j,1340,2852,j
T-4-1,SD3.jpg,T3.png,f,768,985,f
T-4-1,SD3.jpg,T5.png,j,315,1340,j
T-4-1,SD3.jpg,T1.png,j,499,1219,f
T-4-1,SD3.jpg,T4.png,j,711,2747,j
T-4-1,SD3.jpg,T2.png,f,1334,1721,f
T-4-1,SD3.jpg,T4.png,j,872,4001,j
T-4-1,SD3.jpg,T3.png,f,799,943,f
T-4-1,SD3.jpg,T5.png,j,1106,1964,j
T-4-1,SD3.jpg,T2.png,j,1642,1423,f
T-4-1,SD3.jpg,T1.png,j,1076,1054,f
T-4-1,SD3.jpg,T5.png,j,922,1569,j
T-4-1,SD3.jpg,T3.png,f,638,886,f
T-4-1,SD3.jpg,T4.png,j,286,1175,j
T-4-1,SD3.jpg,T1.png,f,1003,1437,f
T-4-1,SD3.jpg,T2.png,f,1305,1270,f
T-4-1,SD3.jpg,T3.png,f,720,956,f
T-4-1,SD3.jpg,T4.png,j,1350,2690,j
T-4-1,SD3.jpg,T2.png,f,620,4275,f
T-4-1,SD3.jpg,T1.png,j,392,1069,f
T-4-1,SD3.jpg,T5.png,j,665,2107,j
T-5-1,SD1.jpg,T5.png,,,,
T-5-1,SD1.jpg,T1.png,,,,
T-5-1,SD2.jpg,T2.png,,,,
T-5-1,SD2.jpg,T4.png,,,,
T-5-1,SD3.jpg,T2.png,,,,
T-5-1,SD3.jpg,T3.png,,,,
T-5-1,SD1.jpg,T2.png,j,580,2428,f
T-5-1,SD1.jpg,T5.png,j,957,1781,j
T-5-1,SD1.jpg,T3.png,f,452,1250,f
T-5-1,SD1.jpg,T1.png,j,554,3010,f
T-5-1,SD1.jpg,T4.png,j,849,1580,f
T-5-1,SD1.jpg,T5.png,j,1459,2504,f
T-5-1,SD1.jpg,T3.png,f,684,1398,f
T-5-1,SD1.jpg,T2.png,j,295,2362,f
T-5-1,SD1.jpg,T1.png,j,879,2140,f
T-5-1,SD1.jpg,T4.png,j,1380,2412,f
T-5-1,SD1.jpg,T5.png,j,943,1981,f
T-5-1,SD1.jpg,T1.png,j,336,2164,f
T-5-1,SD1.jpg,T2.png,j,294,1540,f
T-5-1,SD1.jpg,T4.png,j,280,1438,f
T-5-1,SD1.jpg,T3.png,f,682,881,f
T-5-1,SD1.jpg,T4.png,j,697,2231,f
T-5-1,SD1.jpg,T1.png,j,394,840,f
T-5-1,SD1.jpg,T3.png,f,786,800,f
T-5-1,SD1.jpg,T2.png,j,424,1837,f
T-5-1,SD1.jpg,T5.png,j,487,1333,f
T-5-1,SD2.jpg,T2.png,j,999,2091,j
T-5-1,SD2.jpg,T5.png,j,303,1420,j
T-5-1,SD2.jpg,T1.png,j,734,2282,j
T-5-1,SD2.jpg,T3.png,f,438,625,f
T-5-1,SD2.jpg,T4.png,f,616,2403,j
T-5-1,SD2.jpg,T3.png,f,774,2194,f
T-5-1,SD2.jpg,T5.png,j,602,893,j
T-5-1,SD2.jpg,T1.png,j,267,935,j
T-5-1,SD2.jpg,T2.png,j,222,1690,j
T-5-1,SD2.jpg,T4.png,j,325,848,j
T-5-1,SD2.jpg,T2.png,j,454,920,j
T-5-1,SD2.jpg,T1.png,j,305,794,j
T-5-1,SD2.jpg,T5.png,j,813,1530,j
T-5-1,SD2.jpg,T3.png,f,788,1209,f
T-5-1,SD2.jpg,T4.png,j,761,2351,j
T-5-1,SD2.jpg,T3.png,f,552,943,f
T-5-1,SD2.jpg,T2.png,j,370,737,j
T-5-1,SD2.jpg,T4.png,j,479,752,j
T-5-1,SD2.jpg,T5.png,j,410,1018,j
T-5-1,SD2.jpg,T1.png,j,469,531,j
T-5-1,SD3.jpg,T3.png,f,1193,1172,f
T-5-1,SD3.jpg,T4.png,j,315,1595,f
T-5-1,SD3.jpg,T5.png,j,775,2594,j
T-5-1,SD3.jpg,T2.png,j,598,2571,j
T-5-1,SD3.jpg,T1.png,j,469,1419,j
T-5-1,SD3.jpg,T5.png,j,1067,1378,f
T-5-1,SD3.jpg,T2.png,j,283,1469,j
T-5-1,SD3.jpg,T4.png,j,472,1739,f
T-5-1,SD3.jpg,T3.png,f,298,876,f
T-5-1,SD3.jpg,T1.png,j,464,1723,j
T-5-1,SD3.jpg,T4.png,j,330,1028,f
T-5-1,SD3.jpg,T5.png,j,285,1139,f
T-5-1,SD3.jpg,T1.png,j,628,1439,j
T-5-1,SD3.jpg,T2.png,j,314,1201,j
T-5-1,SD3.jpg,T3.png,f,763,699,f
T-5-1,SD3.jpg,T2.png,j,263,1289,j
T-5-1,SD3.jpg,T3.png,f,371,889,f
T-5-1,SD3.jpg,T5.png,j,276,1619,f
T-5-1,SD3.jpg,T1.png,j,809,1498,j
T-5-1,SD3.jpg,T4.png,j,771,1407,f
T-5-2,SD1.jpg,T3.png,,,,
T-5-2,SD1.jpg,T1.png,,,,
T-5-2,SD2.jpg,T2.png,,,,
T-5-2,SD2.jpg,T4.png,,,,
T-5-2,SD3.jpg,T1.png,,,,
T-5-2,SD3.jpg,T5.png,,,,
T-5-2,SD1.jpg,T5.png,j,1310,1672,f
T-5-2,SD1.jpg,T1.png,j,1369,1558,f
T-5-2,SD1.jpg,T3.png,f,715,731,f
T-5-2,SD1.jpg,T2.png,j,961,3243,f
T-5-2,SD1.jpg,T4.png,j,691,1048,f
T-5-2,SD1.jpg,T5.png,j,645,1581,f
T-5-2,SD1.jpg,T4.png,j,2005,1276,f
T-5-2,SD1.jpg,T3.png,f,780,868,f
T-5-2,SD1.jpg,T1.png,j,791,3538,f
T-5-2,SD1.jpg,T2.png,j,427,1303,f
T-5-2,SD1.jpg,T5.png,f,414,1155,f
T-5-2,SD1.jpg,T2.png,j,248,1635,f
T-5-2,SD1.jpg,T4.png,f,364,1081,f
T-5-2,SD1.jpg,T1.png,j,260,1964,f
T-5-2,SD1.jpg,T3.png,f,266,626,f
T-5-2,SD1.jpg,T4.png,f,253,773,f
T-5-2,SD1.jpg,T5.png,f,249,708,f
T-5-2,SD1.jpg,T2.png,j,214,1157,f
T-5-2,SD1.jpg,T3.png,f,267,540,f
T-5-2,SD1.jpg,T1.png,j,277,548,f
T-5-2,SD2.jpg,T5.png,j,282,1765,j
T-5-2,SD2.jpg,T3.png,f,247,788,f
T-5-2,SD2.jpg,T1.png,j,215,964,j
T-5-2,SD2.jpg,T4.png,j,519,1489,f
T-5-2,SD2.jpg,T2.png,j,212,1401,j
T-5-2,SD2.jpg,T4.png,j,314,851,f
T-5-2,SD2.jpg,T5.png,j,704,2509,j
T-5-2,SD2.jpg,T1.png,j,358,1145,j
T-5-2,SD2.jpg,T2.png,j,183,3311,j
T-5-2,SD2.jpg,T3.png,f,255,537,f
T-5-2,SD2.jpg,T1.png,j,364,1193,j
T-5-2,SD2.jpg,T3.png,f,276,616,f
T-5-2,SD2.jpg,T5.png,j,269,2084,j
T-5-2,SD2.jpg,T2.png,j,483,1075,j
T-5-2,SD2.jpg,T4.png,j,310,1129,f
T-5-2,SD2.jpg,T1.png,j,428,3271,j
T-5-2,SD2.jpg,T5.png,j,259,1164,j
T-5-2,SD2.jpg,T4.png,j,233,1289,f
T-5-2,SD2.jpg,T2.png,j,478,660,j
T-5-2,SD2.jpg,T3.png,f,226,740,f
T-5-2,SD3.jpg,T5.png,j,296,1978,j
T-5-2,SD3.jpg,T4.png,j,299,861,f
T-5-2,SD3.jpg,T1.png,j,577,1006,j
T-5-2,SD3.jpg,T2.png,j,462,1231,j
T-5-2,SD3.jpg,T3.png,f,277,649,f
T-5-2,SD3.jpg,T2.png,j,541,861,j
T-5-2,SD3.jpg,T1.png,j,249,722,j
T-5-2,SD3.jpg,T5.png,j,306,958,j
T-5-2,SD3.jpg,T3.png,f,390,422,f
T-5-2,SD3.jpg,T4.png,j,270,1058,f
T-5-2,SD3.jpg,T1.png,j,237,789,j
T-5-2,SD3.jpg,T4.png,j,248,1380,f
T-5-2,SD3.jpg,T2.png,j,287,693,j
T-5-2,SD3.jpg,T5.png,j,1023,778,f
T-5-2,SD3.jpg,T3.png,f,328,854,f
T-5-2,SD3.jpg,T1.png,j,740,1295,j
T-5-2,SD3.jpg,T2.png,j,289,912,j
T-5-2,SD3.jpg,T5.png,j,343,972,j
T-5-2,SD3.jpg,T4.png,j,780,901,f
T-5-2,SD3.jpg,T3.png,f,251,546,f
T-6-1,SD1.jpg,T3.png,,,,
T-6-1,SD1.jpg,T4.png,,,,
T-6-1,SD2.jpg,T3.png,,,,
T-6-1,SD2.jpg,T4.png,,,,
T-6-1,SD3.jpg,T5.png,,,,
T-6-1,SD3.jpg,T1.png,,,,
T-6-1,SD1.jpg,T2.png,,,,
T-6-1,SD1.jpg,T1.png,,,,
T-6-1,SD2.jpg,T4.png,,,,
T-6-1,SD2.jpg,T3.png,,,,
T-6-1,SD3.jpg,T1.png,,,,
T-6-1,SD3.jpg,T4.png,,,,
T-6-1,SD1.jpg,T5.png,f,1960,2845,f
T-6-1,SD1.jpg,T1.png,f,492,1701,f
T-6-1,SD1.jpg,T4.png,f,1050,2923,f
T-6-1,SD1.jpg,T2.png,f,575,1799,f
T-6-1,SD1.jpg,T3.png,f,615,2138,f
T-6-1,SD1.jpg,T4.png,f,421,614,f
T-6-1,SD1.jpg,T1.png,f,529,1471,f
T-6-1,SD1.jpg,T3.png,f,410,947,f
T-6-1,SD1.jpg,T2.png,f,369,1209,f
T-6-1,SD1.jpg,T5.png,f,382,1053,f
T-6-1,SD1.jpg,T1.png,f,375,1174,f
T-6-1,SD1.jpg,T2.png,j,837,2899,f
T-6-1,SD1.jpg,T5.png,j,1907,3039,j
T-6-1,SD1.jpg,T3.png,f,740,3080,f
T-6-1,SD1.jpg,T4.png,j,1128,0,
T-6-1,SD1.jpg,T1.png,j,415,3167,f
T-6-1,SD1.jpg,T5.png,j,1109,2181,j
T-6-1,SD1.jpg,T2.png,f,443,3920,f
T-6-1,SD1.jpg,T3.png,f,309,3896,f
T-6-1,SD1.jpg,T4.png,j,367,4035,j
T-6-1,SD2.jpg,T3.png,f,378,2088,f
T-6-1,SD2.jpg,T5.png,j,1387,3631,j
T-6-1,SD2.jpg,T4.png,j,624,2349,j
T-6-1,SD2.jpg,T2.png,j,987,1479,f
T-6-1,SD2.jpg,T1.png,j,645,2052,f
T-6-1,SD2.jpg,T2.png,j,450,1782,f
T-6-1,SD2.jpg,T3.png,f,710,1224,f
T-6-1,SD2.jpg,T5.png,j,1017,3412,j
T-6-1,SD2.jpg,T4.png,j,770,3189,j
T-6-1,SD2.jpg,T1.png,j,311,3575,f
T-6-1,SD2.jpg,T4.png,j,2472,0,
T-6-1,SD2.jpg,T3.png,f,469,1206,f
T-6-1,SD2.jpg,T2.png,j,349,2851,f
T-6-1,SD2.jpg,T1.png,j,953,842,f
T-6-1,SD2.jpg,T5.png,j,242,1110,j
T-6-1,SD2.jpg,T2.png,j,295,1802,f
T-6-1,SD2.jpg,T3.png,f,277,1085,f
T-6-1,SD2.jpg,T1.png,j,352,1120,f
T-6-1,SD2.jpg,T5.png,j,886,3363,j
T-6-1,SD2.jpg,T4.png,j,568,2681,f
T-6-1,SD3.jpg,T3.png,f,1209,1088,f
T-6-1,SD3.jpg,T2.png,j,2155,2425,f
T-6-1,SD3.jpg,T4.png,j,1118,2788,f
T-6-1,SD3.jpg,T5.png,j,1472,1655,j
T-6-1,SD3.jpg,T1.png,j,2413,2864,j
T-6-1,SD3.jpg,T4.png,j,346,4203,f
T-6-1,SD3.jpg,T5.png,j,493,2953,j
T-6-1,SD3.jpg,T2.png,j,606,1933,f
T-6-1,SD3.jpg,T3.png,f,310,1124,f
T-6-1,SD3.jpg,T1.png,j,930,2449,f
T-6-1,SD3.jpg,T4.png,j,669,2874,f
T-6-1,SD3.jpg,T2.png,j,416,1250,f
T-6-1,SD3.jpg,T5.png,j,689,1962,j
T-6-1,SD3.jpg,T1.png,j,1296,1347,f
T-6-1,SD3.jpg,T3.png,f,709,818,f
T-6-1,SD3.jpg,T5.png,j,859,2768,j
T-6-1,SD3.jpg,T2.png,j,916,4206,f
T-6-1,SD3.jpg,T3.png,f,648,1306,f
T-6-1,SD3.jpg,T1.png,j,877,1455,f
T-6-1,SD3.jpg,T4.png,j,448,1691,f
T-7-1,SD1.jpg,T3.png,,,,
T-7-1,SD1.jpg,T4.png,,,,
T-7-1,SD2.jpg,T1.png,,,,
T-7-1,SD2.jpg,T4.png,,,,
T-7-1,SD3.jpg,T1.png,,,,
T-7-1,SD3.jpg,T4.png,,,,
T-7-1,SD1.jpg,T4.png,j,1049,3164,j
T-7-1,SD1.jpg,T1.png,j,517,1284,j
T-7-1,SD1.jpg,T3.png,f,693,834,f
T-7-1,SD1.jpg,T5.png,j,597,1334,j
T-7-1,SD1.jpg,T2.png,j,1434,1476,j
T-7-1,SD1.jpg,T5.png,j,539,1910,j
T-7-1,SD1.jpg,T4.png,j,219,1885,j
T-7-1,SD1.jpg,T3.png,f,962,1201,f
T-7-1,SD1.jpg,T1.png,j,360,1356,j
T-7-1,SD1.jpg,T2.png,j,423,1010,j
T-7-1,SD1.jpg,T4.png,j,369,1690,j
T-7-1,SD1.jpg,T5.png,j,249,786,j
T-7-1,SD1.jpg,T1.png,j,388,633,j
T-7-1,SD1.jpg,T3.png,f,1794,1133,f
T-7-1,SD1.jpg,T2.png,j,1752,1052,j
T-7-1,SD1.jpg,T5.png,j,253,1332,j
T-7-1,SD1.jpg,T3.png,f,1121,1037,f
T-7-1,SD1.jpg,T4.png,j,362,732,j
T-7-1,SD1.jpg,T1.png,j,213,755,j
T-7-1,SD1.jpg,T2.png,j,394,1326,j
T-7-1,SD2.jpg,T3.png,f,816,1299,f
T-7-1,SD2.jpg,T2.png,j,266,2013,j
T-7-1,SD2.jpg,T5.png,j,304,529,j
T-7-1,SD2.jpg,T1.png,j,224,336,j
T-7-1,SD2.jpg,T4.png,j,397,532,j
T-7-1,SD2.jpg,T1.png,j,269,452,j
T-7-1,SD2.jpg,T5.png,j,256,502,j
T-7-1,SD2.jpg,T2.png,j,201,493,j
T-7-1,SD2.jpg,T4.png,j,296,269,j
T-7-1,SD2.jpg,T3.png,f,289,770,f
T-7-1,SD2.jpg,T2.png,j,331,1181,j
T-7-1,SD2.jpg,T5.png,j,784,696,j
T-7-1,SD2.jpg,T1.png,j,322,559,j
T-7-1,SD2.jpg,T3.png,f,1016,1180,f
T-7-1,SD2.jpg,T4.png,j,208,674,j
T-7-1,SD2.jpg,T3.png,j,2670,326,j
T-7-1,SD2.jpg,T5.png,j,2746,718,j
T-7-1,SD2.jpg,T1.png,j,330,817,j
T-7-1,SD2.jpg,T2.png,j,321,659,j
T-7-1,SD2.jpg,T4.png,j,408,575,j
T-7-1,SD3.jpg,T5.png,j,1641,2046,j
T-7-1,SD3.jpg,T1.png,j,350,578,j
T-7-1,SD3.jpg,T3.png,f,1503,1055,f
T-7-1,SD3.jpg,T4.png,j,324,757,j
T-7-1,SD3.jpg,T2.png,j,2495,916,j
T-7-1,SD3.jpg,T1.png,j,458,750,j
T-7-1,SD3.jpg,T2.png,j,337,423,j
T-7-1,SD3.jpg,T3.png,f,742,1235,f
T-7-1,SD3.jpg,T4.png,j,322,551,j
T-7-1,SD3.jpg,T5.png,j,380,1285,j
T-7-1,SD3.jpg,T2.png,j,484,611,j
T-7-1,SD3.jpg,T3.png,f,577,818,f
T-7-1,SD3.jpg,T1.png,j,359,827,j
T-7-1,SD3.jpg,T4.png,j,503,564,j
T-7-1,SD3.jpg,T5.png,j,885,1562,j
T-7-1,SD3.jpg,T3.png,f,1178,730,f
T-7-1,SD3.jpg,T2.png,j,520,683,j
T-7-1,SD3.jpg,T1.png,j,495,605,j
T-7-1,SD3.jpg,T5.png,j,939,616,j
T-7-1,SD3.jpg,T4.png,j,448,795,j
T-8-1,SD1.jpg,T1.png,,,,
T-8-1,SD1.jpg,T3.png,,,,
T-8-1,SD2.jpg,T2.png,,,,
T-8-1,SD2.jpg,T3.png,,,,
T-8-1,SD3.jpg,T4.png,,,,
T-8-1,SD3.jpg,T2.png,,,,
T-8-1,SD1.jpg,T4.png,f,613,1299,f
T-8-1,SD1.jpg,T1.png,j,1683,2227,f
T-8-1,SD1.jpg,T3.png,f,361,1228,f
T-8-1,SD1.jpg,T2.png,f,390,2691,f
T-8-1,SD1.jpg,T5.png,f,560,1795,f
T-8-1,SD1.jpg,T3.png,f,1664,2305,f
T-8-1,SD1.jpg,T4.png,f,564,1221,f
T-8-1,SD1.jpg,T1.png,j,1865,3052,j
T-8-1,SD1.jpg,T2.png,j,332,1539,f
T-8-1,SD1.jpg,T5.png,f,1224,551,f
T-8-1,SD1.jpg,T3.png,f,327,845,f
T-8-1,SD1.jpg,T5.png,j,338,1784,f
T-8-1,SD1.jpg,T2.png,j,540,2154,f
T-8-1,SD1.jpg,T1.png,f,441,605,f
T-8-1,SD1.jpg,T4.png,f,1673,3784,f
T-8-1,SD1.jpg,T3.png,f,1605,2861,f
T-8-1,SD1.jpg,T1.png,f,429,1331,f
T-8-1,SD1.jpg,T2.png,f,489,1001,f
T-8-1,SD1.jpg,T5.png,j,1495,3159,j
T-8-1,SD1.jpg,T4.png,f,325,1685,f
T-8-1,SD2.jpg,T3.png,f,341,1646,f
T-8-1,SD2.jpg,T5.png,j,1177,3625,j
T-8-1,SD2.jpg,T4.png,j,151,1786,j
T-8-1,SD2.jpg,T2.png,f,293,1129,f
T-8-1,SD2.jpg,T1.png,j,308,1501,f
T-8-1,SD2.jpg,T5.png,j,1441,1607,j
T-8-1,SD2.jpg,T1.png,j,160,1316,f
T-8-1,SD2.jpg,T4.png,j,208,1840,f
T-8-1,SD2.jpg,T3.png,f,250,534,f
T-8-1,SD2.jpg,T2.png,j,270,1250,f
T-8-1,SD2.jpg,T5.png,j,1102,1161,j
T-8-1,SD2.jpg,T3.png,f,113,820,f
T-8-1,SD2.jpg,T1.png,j,261,2917,f
T-8-1,SD2.jpg,T2.png,j,226,1757,f
T-8-1,SD2.jpg,T4.png,j,1183,1435,j
T-8-1,SD2.jpg,T2.png,j,313,1674,f
T-8-1,SD2.jpg,T3.png,f,282,752,f
T-8-1,SD2.jpg,T5.png,j,765,1236,j
T-8-1,SD2.jpg,T4.png,j,267,1446,j
T-8-1,SD2.jpg,T1.png,j,335,2691,f
T-8-1,SD3.jpg,T4.png,j,1047,0,
T-8-1,SD3.jpg,T2.png,f,40,1151,f
T-8-1,SD3.jpg,T5.png,f,281,305,f
T-8-1,SD3.jpg,T1.png,f,279,368,f
T-8-1,SD3.jpg,T3.png,f,66,270,f
T-8-1,SD3.jpg,T5.png,f,126,311,f
T-8-1,SD3.jpg,T4.png,f,496,358,f
T-8-1,SD3.jpg,T3.png,f,257,327,f
T-8-1,SD3.jpg,T2.png,f,207,44,f
T-8-1,SD3.jpg,T1.png,f,40,240,f
T-8-1,SD3.jpg,T5.png,f,427,15,f
T-8-1,SD3.jpg,T3.png,f,269,253,f
T-8-1,SD3.jpg,T4.png,f,81,142,f
T-8-1,SD3.jpg,T1.png,f,33,1454,f
T-8-1,SD3.jpg,T2.png,f,732,245,f
T-8-1,SD3.jpg,T3.png,f,264,707,f
T-8-1,SD3.jpg,T2.png,f,261,392,f
T-8-1,SD3.jpg,T5.png,f,206,231,f
T-8-1,SD3.jpg,T4.png,f,343,253,f
T-8-1,SD3.jpg,T1.png,f,448,328,f
T-9-1,SD1.jpg,T5.png,,,,
T-9-1,SD1.jpg,T1.png,,,,
T-9-1,SD2.jpg,T4.png,,,,
T-9-1,SD2.jpg,T3.png,,,,
T-9-1,SD3.jpg,T4.png,,,,
T-9-1,SD3.jpg,T2.png,,,,
T-9-1,SD1.jpg,T5.png,j,778,3126,f
T-9-1,SD1.jpg,T3.png,j,617,1102,f
T-9-1,SD1.jpg,T1.png,j,1044,2815,f
T-9-1,SD1.jpg,T2.png,j,619,2064,f
T-9-1,SD1.jpg,T4.png,j,3050,4320,f
T-9-1,SD1.jpg,T1.png,j,717,2036,f
T-9-1,SD1.jpg,T4.png,j,703,2868,f
T-9-1,SD1.jpg,T5.png,j,652,1317,f
T-9-1,SD1.jpg,T3.png,f,1047,1100,f
T-9-1,SD1.jpg,T2.png,j,468,3387,f
T-9-1,SD1.jpg,T1.png,j,655,1954,f
T-9-1,SD1.jpg,T3.png,f,690,986,f
T-9-1,SD1.jpg,T4.png,j,339,1024,f
T-9-1,SD1.jpg,T2.png,j,584,1033,f
T-9-1,SD1.jpg,T5.png,j,1137,1088,f
T-9-1,SD1.jpg,T2.png,j,669,748,f
T-9-1,SD1.jpg,T3.png,f,1200,783,f
T-9-1,SD1.jpg,T5.png,j,759,1129,f
T-9-1,SD1.jpg,T1.png,j,896,1762,f
T-9-1,SD1.jpg,T4.png,j,529,852,f
T-9-1,SD2.jpg,T1.png,j,701,3909,f
T-9-1,SD2.jpg,T2.png,j,483,1564,f
T-9-1,SD2.jpg,T5.png,j,621,510,f
T-9-1,SD2.jpg,T4.png,j,657,492,f
T-9-1,SD2.jpg,T3.png,f,465,0,
T-9-1,SD2.jpg,T1.png,j,2572,524,j
T-9-1,SD2.jpg,T2.png,j,1278,799,f
T-9-1,SD2.jpg,T4.png,j,586,1099,f
T-9-1,SD2.jpg,T5.png,j,461,840,f
T-9-1,SD2.jpg,T3.png,f,554,541,f
T-9-1,SD2.jpg,T4.png,j,572,847,f
T-9-1,SD2.jpg,T2.png,j,687,1013,f
T-9-1,SD2.jpg,T1.png,j,367,597,f
T-9-1,SD2.jpg,T5.png,j,561,1202,f
T-9-1,SD2.jpg,T3.png,f,585,541,f
T-9-1,SD2.jpg,T5.png,j,370,1739,f
T-9-1,SD2.jpg,T1.png,j,384,588,f
T-9-1,SD2.jpg,T4.png,j,506,1168,f
T-9-1,SD2.jpg,T2.png,j,566,576,f
T-9-1,SD2.jpg,T3.png,f,879,599,f
T-9-1,SD3.jpg,T2.png,j,706,2291,f
T-9-1,SD3.jpg,T5.png,j,335,314,f
T-9-1,SD3.jpg,T1.png,j,367,366,f
T-9-1,SD3.jpg,T3.png,j,442,535,f
T-9-1,SD3.jpg,T4.png,j,383,544,f
T-9-1,SD3.jpg,T2.png,j,366,839,f
T-9-1,SD3.jpg,T5.png,j,316,403,f
T-9-1,SD3.jpg,T1.png,j,304,449,f
T-9-1,SD3.jpg,T4.png,j,365,575,f
T-9-1,SD3.jpg,T3.png,f,342,637,f
T-9-1,SD3.jpg,T2.png,j,416,933,f
T-9-1,SD3.jpg,T5.png,j,635,672,f
T-9-1,SD3.jpg,T1.png,j,379,432,f
T-9-1,SD3.jpg,T3.png,j,388,370,f
T-9-1,SD3.jpg,T4.png,j,318,589,f
T-9-1,SD3.jpg,T3.png,f,313,339,f
T-9-1,SD3.jpg,T1.png,j,295,1300,f
T-9-1,SD3.jpg,T4.png,j,400,473,f
T-9-1,SD3.jpg,T5.png,j,283,455,f
T-9-1,SD3.jpg,T2.png,j,348,633,f
